time_s,trolley_x_m,support_down_m,payload_x_m,payload_down_m,chord_angle_rad,material_length_m,arc_length_m,min_axial_force_N,ale_generalized_force_norm
0,0,0.041202,0.104933754508567,2.04345731293448,0.0523598775598299,2,2.0050031,49.0629852169322,0
0.02,2.6598027454694e-05,0.041201254589469,0.104831082103326,2.0434601958523,0.0522953971774698,2,2.00499998262787,49.0325739579989,0
0.04,0.000105974060531824,0.0411985919517253,0.104523181837405,2.04347111009162,0.052102151374273,2,2.00499344416911,48.9690749534111,0
0.06,0.000237509153673609,0.0411932290618429,0.10401029474802,2.04349482002925,0.0517804230191453,2,2.00498921784107,48.9262395839551,0
0.08,0.000420635914425141,0.0411851335379849,0.10329263098888,2.04353442772925,0.0513305194512602,2,2.00499062175479,48.9395099262646,0
0.1,0.000654879714944356,0.041175600018799,0.102370129241463,2.04358896535543,0.0507527078599844,2,2.00499557553061,48.9887207600814,0
0.12,0.000939869082903335,0.0411666903776685,0.101245117713761,2.04365473733388,0.0500484808947605,2,2.00499892801109,49.0235183894372,0
0.14,0.0012752854571493,0.0411600486440166,0.0999218598810137,2.04372909308202,0.0492202256022642,2,2.00499734175972,49.0070316467728,0
0.16,0.00166084296484074,0.041156122498254,0.0984049290596796,2.04381295795314,0.0482703446532887,2,2.00499223359829,48.9558166632431,0
0.18,0.0020963680895758,0.0411544011775515,0.0966990206692973,2.04390980713542,0.0472011635600287,2,2.00498850057373,48.919294762948,0
0.2,0.00258150659668824,0.0411543989248362,0.0948086196136936,2.04402211772994,0.0460150261541978,2,2.00499002556406,48.9353873240317,0
0.22,0.00311538479949161,0.0411564274295118,0.0927380814419382,2.04414852147306,0.0447145840386603,2,2.00499625873718,48.9963220561718,0
0.24,0.00369711672746464,0.0411614060423044,0.0904914657834572,2.04428422587457,0.043302433595834,2,2.00500260131757,49.0581146945024,0
0.26,0.00432596295841063,0.0411699012548848,0.0880729007924701,2.04442433972208,0.0417811134162709,2,2.00500464997474,49.0785216506628,0
0.28,0.00500133557571962,0.0411812798594652,0.0854865623779154,2.04456707623087,0.0401530088796812,2,2.00500226707003,49.0560099507986,0
0.3,0.00572275149600558,0.0411938014723354,0.082739384484096,2.04471372586011,0.0384217447606452,2,2.00499986395587,49.0317344022406,0
0.32,0.00648994517747534,0.0412056415088887,0.0798399163334702,2.04486553137891,0.0365916547559018,2,2.00500209234819,49.0525575972223,0
0.34,0.00730276894205186,0.0412159394435657,0.0767965182258677,2.04502041119048,0.0346670090826648,2,2.00500916699134,49.122909067969,0
0.36,0.00816142250755654,0.0412248997452382,0.0736172935142265,2.0451727996947,0.0326518506664866,2,2.00501663787537,49.1973465252871,0
0.38,0.00906584390390228,0.0412329542558483,0.0703101921296052,2.04531688092556,0.0305502642518681,2,2.00501952458918,49.2255683003551,0
0.4,0.0100154677925254,0.0412398184376548,0.0668829988926407,2.04545019250169,0.0283664220702387,2,2.00501705859878,49.1998791390902,0
0.42,0.0110097653127822,0.0412443835034744,0.0633437272149127,2.04557419014121,0.0261045231163479,2,2.00501312254134,49.1616077755097,0
0.44,0.0120483456954516,0.041245564054862,0.059699885980971,2.04569145008446,0.0237684473667537,2,2.00501253132965,49.1561090021797,0
0.46,0.0131310659513364,0.0412432869348479,0.0559591757997039,2.04580214947695,0.0213621040175486,2,2.00501658286859,49.1965723316712,0
0.48,0.0142579695062544,0.0412387104918705,0.05213176609186,2.04590304847583,0.0188905896201835,2,2.00502217592478,49.2507765614469,0
0.5,0.0154292712467971,0.0412334931000877,0.048228849719275,2.04598980971871,0.016359420888652,2,2.0050246310713,49.2757933664478,0
0.52,0.0166452956795949,0.0412287440300171,0.0442617657114235,2.04606043111218,0.013774085711061,2,2.00502192020149,49.2494655980069,0
0.54,0.0179066065413535,0.0412245486338094,0.0402413176926748,2.04611671944863,0.0111396451231048,2,2.00501663133541,49.1970584428802,0
0.56,0.0192133936596954,0.0412204655678007,0.0361781437597231,2.04616239147771,0.00846126515006171,2,2.00501371614805,49.1668292522229,0
0.58,0.0205654266817422,0.0412164827564307,0.0320822960782704,2.04619946019687,0.0057440601054642,2,2.00501608136233,49.190752800663,0
0.6,0.0219624471878148,0.0412135141072832,0.0279638577690688,2.04622612707458,0.00299319446660378,2,2.0050217070101,49.2471051425358,0
0.62,0.0234043648228367,0.0412129016449354,0.0238320629568197,2.04623824465431,0.000213313078055145,2,2.00502558370836,49.2856798345098,0
0.64,0.0248911691919884,0.0412153489573081,0.0196965254579804,2.04623294649099,-0.00259081621910644,2,2.00502445403132,49.2733489089714,0
0.66,0.0264230030324039,0.0412202823800385,0.0155692835764338,2.04621099678961,-0.00541329860499858,2,2.00502011618164,49.2309908633315,0
0.68,0.0280000262772775,0.0412262758438487,0.011463061467281,2.04617553094924,-0.00824788446699494,2,2.00501747956431,49.2056140060049,0
0.7,0.0296224743917734,0.0412321223565738,0.00739024408441846,2.0461285047888,-0.0110885127560077,2,2.00501976049358,49.2279984871136,0
0.72,0.0312907305123247,0.0412375471104664,0.00336270111991564,2.04606834993083,-0.0139294662859435,2,2.00502545969343,49.2829972171549,0
0.74,0.0330045651393877,0.0412429350270423,-0.000608279942424343,2.04599104184364,-0.0167650468190879,2,2.00502992981334,49.3272691533031,0
0.76,0.0347633309655198,0.0412484286170998,-0.00451197293251052,2.04589346172431,-0.0195896426057159,2,2.00502974840996,49.3263622760542,0
0.78,0.0365662560777746,0.0412532997501251,-0.00833781212228095,2.04577591054228,-0.022397631705492,2,2.00502554996376,49.2847249485306,0
0.8,0.0384126368967805,0.0412561807564862,-0.0120766443516128,2.045641620865,-0.0251840817209232,2,2.00502133517479,49.2418738687617,0
0.82,0.0403017915838387,0.0412559628821314,-0.0157184271226691,2.04549390247474,-0.0279436067954617,2,2.0050207363403,49.2363773247861,0
0.84,0.0422330754413997,0.0412525781040584,-0.0192513476652984,2.04533351392178,-0.0306699906139482,2,2.00502387825533,49.2687368179201,0
0.86,0.0442056962441819,0.0412469894446098,-0.0226628999324506,2.04515858325893,-0.0333566579107825,2,2.00502705214982,49.3000224182305,0
0.88,0.0462189327631476,0.0412403875574439,-0.0259412399319491,2.04496727157362,-0.0359974215289987,2,2.00502606887193,49.2893963083318,0
0.9,0.0482720319063653,0.0412332928708477,-0.0290754076199056,2.04476079356395,-0.0385864669970155,2,2.00502023606382,49.2314093945723,0
0.92,0.0503636414383563,0.0412253783030458,-0.0320554346069559,2.04454388181304,-0.0411180858678461,2,2.0050133250905,49.1645099217353,0
0.94,0.0524919187758907,0.0412162119327518,-0.0348720754226917,2.04432204460969,-0.0435866448933306,2,2.00501010521239,49.1325969185752,0
0.96,0.0546548703539681,0.0412061738672061,-0.0375163723553948,2.0440981318952,-0.0459866342276652,2,2.00501166745699,49.1474547828519,0
0.98,0.0568504734193095,0.0411965921053884,-0.0399807770318899,2.04387147529198,-0.0483133328702367,2,2.00501450177639,49.1751589818668,0
1,0.0590766545620386,0.0411889305224923,-0.0422567216889588,2.04364053931448,-0.0505615263026651,2,2.00501395311519,49.1713212111877,0
1.02,0.061331437304245,0.0411837927846269,-0.0443342348649207,2.04340631278801,-0.0527252778821169,2,2.0050088391308,49.1206316955983,0
1.04,0.0636126689427969,0.0411806516139096,-0.0462034021863826,2.04317312899799,-0.0547984715913286,2,2.00500233820178,49.055694432294,0
1.06,0.0659184034461799,0.0411785341918318,-0.0478552659581072,2.04294631518773,-0.0567755140988175,2,2.00499886481084,49.0208052779906,0
1.08,0.0682464948241474,0.041176923099348,-0.0492815904405085,2.04272897853536,-0.058651130382395,2,2.00500004355615,49.0337344566383,0
1.1,0.0705941446989351,0.0411760756495495,-0.0504753376576622,2.0425207587715,-0.0604204367759406,2,2.00500355278038,49.0683716686435,0
1.12,0.0729581362336578,0.0411765597235596,-0.0514297070099594,2.04231957558121,-0.0620785295692554,2,2.00500522122729,49.0842085188881,0
1.14,0.0753351879051876,0.0411784410656692,-0.0521390671129966,2.04212462556319,-0.0636210108540018,2,2.00500258817359,49.0577817922366,0
1.16,0.0777221323061141,0.0411808603296425,-0.052599338829921,2.04193814334057,-0.0650441883598138,2,2.00499713928103,49.0051270344605,0
1.18,0.0801159454866173,0.0411824330506221,-0.0528056744328636,2.04176446773643,-0.0663439645265943,2,2.00499295756223,48.964057307268,0
1.2,0.0825136653053355,0.0411821615499115,-0.0527520580261114,2.04160708911828,-0.0675157205179085,2,2.00499307562103,48.964538099936,0
1.22,0.0849122178801951,0.0411800687707564,-0.0524322102837167,2.04146641109966,-0.0685547843519518,2,2.00499637959345,48.9966177173029,0
1.24,0.0873087840987013,0.0411769837852846,-0.051840950560718,2.04134047114838,-0.0694572700053798,2,2.00499852390034,49.0186869246267,0
1.26,0.0897004600007758,0.0411736169019709,-0.0509740737283494,2.04122809773465,-0.0702197095202286,2,2.00499613274033,48.9955217554883,0
1.28,0.0920839483078344,0.0411698613225969,-0.04982919877038,2.04113127330828,-0.0708392093107817,2,2.00499032269292,48.9371764095692,0
1.3,0.0944557230645487,0.0411650384338316,-0.0484044583621548,2.04105442309632,-0.0713129071510803,2,2.00498553067409,48.889675620658,0
1.32,0.0968124196930978,0.0411588114032347,-0.0466993528725545,2.04100114661733,-0.0716387387095472,2,2.00498506815339,48.886057142381,0
1.34,0.0991507511363298,0.04115180735803,-0.0447144891423112,2.04097181272257,-0.0718153778629039,2,2.00498814273997,48.9169732276773,0
1.36,0.101467745132814,0.0411453893514478,-0.0424493331613322,2.04096429209316,-0.0718412051716452,2,2.00499077668273,48.9421734073936,0
1.38,0.103760598016879,0.0411407537936963,-0.0399023845452431,2.04097681776501,-0.071714185997878,2,2.00498981106106,48.9323441599776,0
1.4,0.106026698838526,0.0411382234846988,-0.0370727308677098,2.04101019396876,-0.0714325494298245,2,2.00498560738872,48.8914833834553,0
1.42,0.108263967257052,0.0411373220471843,-0.0339606020026653,2.04106749398455,-0.0709952468504134,2,2.00498162387776,48.8527503236558,0
1.44,0.110470288099162,0.0411374390540826,-0.0305675983084677,2.04115151347593,-0.0704019019052661,2,2.00498139439113,48.849410908911,0
1.46,0.112643265970985,0.0411385312570913,-0.0268965708001382,2.04126218188302,-0.069652745870154,2,2.00498559484966,48.8906964796598,0
1.48,0.114780364968642,0.0411412366907211,-0.02295042376921,2.04139616737716,-0.0687481042880367,2,2.00499125973859,48.9472489026133,0
1.5,0.116879340335113,0.0411462662378457,-0.0187337761341912,2.04154894568934,-0.0676893382874672,2,2.00499424913201,48.9775183632712,0
1.52,0.118938317435775,0.0411535796973007,-0.0142522783122061,2.04171786790511,-0.0664784091824508,2,2.00499311828544,48.9651825234283,0
1.54,0.120955985982442,0.0411621659730153,-0.00951108652679186,2.04190331263874,-0.0651171773930536,2,2.00499053057393,48.939228289524,0
1.56,0.12293129536671,0.0411706513807742,-0.00451423821349206,2.04210676839513,-0.0636070341012886,2,2.00499090050172,48.9431782669447,0
1.58,0.124863515181347,0.0411782587643412,0.000733740821450414,2.04232754416722,-0.0619498705563078,2,2.00499588625742,48.993086290996,0
1.6,0.126752406980578,0.0411851841214286,0.00622763767712179,2.04256155169858,-0.0601483012492144,2,2.00500276882989,49.0602360706172,0
1.62,0.128597815389253,0.0411920288188122,0.0119608871738591,2.04280324220196,-0.0582056992191334,2,2.00500713455055,49.1031597892144,0
1.64,0.130399399578137,0.0411989169650069,0.0179254901209197,2.04304879617124,-0.0561259780304523,2,2.00500728424819,49.1049783204378,0
1.66,0.132156966883946,0.0412052044554032,0.0241130478693447,2.04329745205674,-0.0539132087817219,2,2.00500549699997,49.0881080818939,0
1.68,0.133870690951121,0.041209994899355,0.0305132563725257,2.04354979157584,-0.0515725573918697,2,2.00500561024716,49.0881381429009,0
1.7,0.135541112976797,0.0412129416027308,0.037115258647248,2.04380503844554,-0.0491097089274243,2,2.00500945066038,49.1253426244098,0
1.72,0.13716934982298,0.0412146084055375,0.0439094007956164,2.04405980413195,-0.046530123887429,2,2.00501530676496,49.1836788141731,0
1.74,0.13875666356962,0.041216049326121,0.0508870758568767,2.0443092905183,-0.0438388429167989,2,2.00501972825936,49.2280654219668,0
1.76,0.140304802246467,0.0412180570984426,0.0580391590921663,2.04454975095476,-0.041041355756329,2,2.00502039859019,49.2340212037812,0
1.78,0.141816001827743,0.0412206614854044,0.0653557588135285,2.04478015717278,-0.0381436926928508,2,2.00501833491092,49.2130098026244,0
1.8,0.143292552179475,0.0412233149593582,0.0728251868778701,2.0450014220774,-0.0351527630523075,2,2.00501708265232,49.2013563381732,0
1.82,0.144736492654567,0.0412256105097923,0.0804352516178067,2.04521386670125,-0.0320756308319657,2,2.00501968085943,49.2276299233074,0
1.84,0.146149893713047,0.0412278782397951,0.0881733983873893,2.04541504383017,-0.02891962020638,2,2.00502555490569,49.2853579536368,0
1.86,0.147535066560457,0.0412310249025602,0.0960257145387126,2.04560014506146,-0.0256928810248333,2,2.0050309091916,49.3371639594553,0
1.88,0.14889470379584,0.0412357307224696,0.103977920599896,2.04576480374351,-0.0224038994751194,2,2.00503230168825,49.3514599978262,0
1.9,0.15023193035265,0.0412417608613499,0.112017083221141,2.04590761019308,-0.0190606425061198,2,2.0050300624638,49.3295720966636,0
1.92,0.151549953905226,0.0412480718801359,0.120131394394268,2.04602984293459,-0.0156705274118918,2,2.00502799150248,49.3086535828713,0
1.94,0.152852316325615,0.0412536367680925,0.128308638150719,2.04613270248202,-0.0122413628920236,2,2.00502944073255,49.3219717851323,0
1.96,0.154142836852987,0.0412581615611344,0.136536346447917,2.04621487495729,-0.00878125584305706,2,2.00503421287447,49.3701728898133,0
1.98,0.155425141566691,0.0412620558698213,0.144800476653658,2.04627266486533,-0.00529900710757847,2,2.0050388507649,49.4164035991318,0
2,0.156702428371576,0.0412657512283236,0.153086936009096,2.04630252234212,-0.00180320306137345,2,2.00504004183274,49.4281082362491,0
2.02,0.157977892866722,0.0412690586088631,0.161381279339616,2.04630346936787,0.00169741885026198,1.99999977888741,2.00503735388518,49.402607176563,0.000193439929365115
2.04,0.159254687859705,0.0412711883623048,0.169667907659773,2.04627721333572,0.0051935635327702,1.99999823995259,2.00503322673321,49.3773687985399,0.000383004180859801
2.06,0.16053627600047,0.0412714770184604,0.177931480527046,2.0462256436274,0.00867589312608644,1.99999408964,2.00502978266284,49.384701945665,0.000568731399466476
2.08,0.161826235354057,0.0412700735893243,0.186158559480587,2.04614830410177,0.0121359637590425,1.99998606070519,2.00502593688982,49.4260502331345,0.00075065526841307
2.1,0.163128027375552,0.0412679310856496,0.194336671319334,2.04604224123775,0.0155659034308589,1.99997291203704,2.00501722476006,49.4691611818787,0.000928791376302105
2.12,0.164445299519242,0.0412660828359717,0.202453650547821,2.04590435998299,0.018957932666249,1.99995342848,2.00499860305009,49.4788885787223,0.00110314942184756
2.14,0.165781702674399,0.0412648341607513,0.210496809965169,2.04573420467303,0.0223040037007064,1.9999264206563,2.00496810193494,49.4456269753973,0.00127375418462827
2.16,0.167140434638183,0.0412636217903173,0.218452470207976,2.04553454141643,0.0255957560472587,1.99989072478815,2.00492764842299,49.3993267857462,0.00144065510452693
2.18,0.168524094030244,0.0412616755506119,0.226307461215569,2.04530907522728,0.0288253472592722,1.99984520252,2.00488033088551,49.3817451016421,0.00160389488464841
2.2,0.169935064638028,0.0412588623507798,0.234048206117224,2.04505942193986,0.0319848581907016,1.99978874074074,2.00482619613199,49.4067639441109,0.00176351321876948
2.22,0.17137558326424,0.041255889922673,0.241660456178561,2.04478427241201,0.0350661677137856,1.99972025140593,2.00476118792455,49.4433415360263,0.00191952263059504
2.24,0.172848037805166,0.0412536563776293,0.249130494958747,2.04448150785262,0.0380613805548813,1.99963867136,2.0046800633098,49.4493829593701,0.00207192066465062
2.26,0.174354659067874,0.0412524016596548,0.256447133813438,2.0441511209833,0.0409639042775574,1.99954296215852,2.00458053858832,49.4132544616654,0.00222070244849538
2.28,0.175897428794654,0.041251477949606,0.263600226542181,2.04379616235498,0.043767707038503,1.99943210989037,2.00446431505029,49.3633316390074,0.00236580639919839
2.3,0.177478297999655,0.041249927983306,0.27058036212381,2.04342078676389,0.0464670863210881,1.999305125,2.00433434160659,49.3379847454101,0.00250728984108368
2.32,0.179099120778461,0.0412473164906149,0.277377578441615,2.04302743804075,0.049056141624924,1.99916104210963,2.00419119310155,49.3505165158048,0.00264509934897251
2.34,0.180761078882777,0.0412440711387675,0.283981107339817,2.04261574605542,0.0515289867006427,1.99899891984148,2.00403170419895,49.3800620896767,0.00277921591723335
2.36,0.182464807142695,0.04124101057111,0.290380853562075,2.0421840559602,0.0538803921545369,1.99881784064,2.00385121603102,49.390693178748,0.0029098631566216
2.38,0.184210551689481,0.0412385524284655,0.296566623702003,2.04173221086912,0.0561052295422326,1.99861691059407,2.00364679373652,49.3620506212622,0.00303710266249884
2.4,0.185998294677109,0.0412363075291774,0.302527917997817,2.04126304573048,0.0581982370955663,1.99839525925926,2.0034191701757,49.3076166218032,0.00316115550750721
2.42,0.187828127685617,0.041233421842307,0.308255695336854,2.04078110926311,0.0601547409487193,1.99815203948,2.00317140069891,49.268500756563,0.00328198360109789
2.44,0.189699858181339,0.0412294153776205,0.31374315411385,2.04028974211013,0.0619713470715621,1.99788642721185,2.00290538779111,49.2712857223943,0.00339916795635117
2.46,0.191613144264329,0.0412247083555445,0.318984443554538,2.03978916344579,0.0636453182204653,1.9975976213437,2.00261920653623,49.3057921268036,0.00351254503359202
2.48,0.193567655898685,0.0412203319919146,0.323974482152295,2.0392773004625,0.0651743833954379,1.99728484352,2.0023080756667,49.3294243733811,0.00362191977138116
2.5,0.195562865497208,0.0412170829595618,0.328707356634061,2.03875280260104,0.0665559245951312,1.99694733796296,2.00196814917988,49.3135739046657,0.0037276486831828
2.52,0.197597497528793,0.0412149206134968,0.333177417658727,2.03821722206889,0.0677876962772947,1.99658437129481,2.00159946611194,49.2662553887691,0.00383026622195629
2.54,0.199669741244841,0.0412131307310523,0.337379742229839,2.03767440654513,0.068867963339963,1.99619523236,2.00120534588343,49.2278519611489,0.00393008064518805
2.56,0.201777443002075,0.0412111390496971,0.341309381775355,2.03712763597998,0.0697951518120248,1.99577923204741,2.00078834338747,49.2274907884083,0.00402699450517411
2.58,0.203918463257684,0.0412091397508512,0.344960815641567,2.03657728278874,0.0705675067935039,1.99533570311259,2.00034736289382,49.2634118192559,0.0041206157609132
2.6,0.206090817930833,0.0412079652557977,0.34833010025964,2.03602095629066,0.0711840916056292,1.994864,1.99987822512662,49.3008809459994,0.00421075799142215
2.62,0.208292365991151,0.0412083573411699,0.351415508827774,2.03545600436041,0.071645151088136,1.99436349866519,1.99937715271733,49.3092286330121,0.00429734232575274
2.64,0.210520812842487,0.0412103115036977,0.354216585980102,2.03488190348859,0.0719515270303772,1.99383359639704,1.9988434709963,49.2842095451795,0.00438065865485253
2.66,0.212773962678125,0.0412130724784875,0.356733888198097,2.03430033540506,0.0721043965388899,1.99327371164,1.99827959375887,49.2583716713479,0.00446092596357695
2.68,0.215049458352925,0.0412158034330846,0.358967077887952,2.03371314240151,0.0721045483170786,1.9926832838163,1.99768816631631,49.2636494992871,0.00453872111514676
2.7,0.217344392619924,0.0412182948999391,0.360915796382245,2.03311991630691,0.0719531266984341,1.99206177314815,1.99706914932887,49.3051982570147,0.00461402781288317
2.72,0.219655653384084,0.0412210411692465,0.3625801827077,2.03251758000999,0.0716517367641243,1.99140866048,1.99641943692219,49.354418331129,0.0046857929969561
2.74,0.221979859138287,0.0412246908520197,0.363960079495018,2.03190236247192,0.0712019870340183,1.99072344710074,1.99573497733445,49.3785985014439,0.00475408628698406
2.76,0.224313847964127,0.0412292967154113,0.36505526393055,2.03127236048497,0.0706052400352673,1.99000565456593,1.99501425892174,49.3681947028346,0.00481895289792531
2.78,0.22665463032917,0.041234146290086,0.365867871775964,2.0306281154113,0.0698638238901288,1.98925482452,1.99425934530491,49.347930418282,0.00488147912240032
2.8,0.228999167897792,0.0412383434685018,0.366401734796348,2.02997080873557,0.068980902631717,1.98847051851852,1.99347361064602,49.352525494113,0.00494203077029742
2.82,0.231344564016739,0.0412415901246573,0.366662102758729,2.02929952930845,0.0679603675139466,1.98765231785037,1.99265786239735,49.3973456686669,0.00500072382336317
2.84,0.233688286321123,0.0412444122976507,0.366654119669033,2.02861047895545,0.0668059931442312,1.98679982336,1.9918091795269,49.4574660154257,0.00505722718513253
2.86,0.236027683261677,0.0412476482022624,0.366382033224255,2.02789886996519,0.0655211930963701,1.98591265526963,1.99092324481882,49.4931459572934,0.00511236917952284
2.88,0.23835972875731,0.0412516491057938,0.365850512636424,2.02716170320707,0.0641096867191491,1.98499045300148,1.98999822588153,49.4873047968669,0.00516516618048852
2.9,0.240681177136847,0.0412559744509711,0.365064830215273,2.02639884247889,0.0625754767553857,1.984032875,1.98903607876229,49.4662158215764,0.00521354272960941
2.92,0.242988758798859,0.0412598647623319,0.364029865308487,2.02561141016748,0.0609223302581841,1.98303959855407,1.98804016692885,49.4658081546184,0.00525777317619539
2.94,0.245279654655562,0.0412629823676726,0.362750447837194,2.02479905112706,0.0591538243766078,1.98201031961926,1.9870119412395,49.5031037385951,0.00529814281826806
2.96,0.247551376918583,0.0412657670894888,0.361233447212236,2.02395850899035,0.0572745006538985,1.98094475264,1.98594942368689,49.5597337691311,0.00533542644977137
2.98,0.249801583045134,0.0412690694315563,0.359487053500556,2.02308490599874,0.0552895373056313,1.97984263037185,1.98484891935833,49.6047088426632,0.00537282101383462
3,0.252028153657621,0.0412734052678123,0.357520851591846,2.02217429834455,0.0532046499128486,1.9787037037037,1.98370791424426,49.6138514302302,0.00541133327344747
3.02,0.254229374752781,0.0412784889461208,0.355344188291155,2.02122543085308,0.0510251276001599,1.97752774148,1.98252722045674,49.5963722676906,0.00545066474154581
3.04,0.256403292026571,0.0412835121364461,0.352965657677887,2.02023900038595,0.0487559421863751,1.97631453032296,1.98130995370458,49.5859223375561,0.00549220287101943
3.06,0.258547810813731,0.0412878559079497,0.350393971894622,2.01921513806452,0.046402227428834,1.97506387445481,1.98005864268154,49.6121349016088,0.00552749290102286
3.08,0.260660733680366,0.0412916399747258,0.347638094088338,2.01815141770653,0.0439693815728696,1.97377559552,1.97877243588702,49.6668278062362,0.00555469519998598
3.1,0.262740040341553,0.0412955473988731,0.34470573772448,2.01704341575401,0.0414621339092606,1.97244953240741,1.97744764351485,49.7127422056609,0.00557462552159799
3.12,0.264784225369604,0.0413000761328426,0.341605527149523,2.01588719879603,0.0388853837785613,1.97108554107259,1.97608117926226,49.7233312853584,0.00558606076115576
3.14,0.266792034186369,0.0413049657038434,0.338347884404391,2.01468145285314,0.0362447379326663,1.96968349436,1.9746734881768,49.703875502165,0.00560006310108514
3.16,0.268762272963629,0.04130936128426,0.334944679088929,2.01342709969301,0.0335464645509147,1.96824328182519,1.97322795182085,49.6879959571395,0.00562012308809254
3.18,0.270694191858161,0.0413125490739729,0.331408717805703,2.01212479028391,0.0307971141641252,1.96676480955704,1.97174727131425,49.7024061763263,0.00564317148130729
3.2,0.272587285458023,0.0413145533654107,0.327751530717173,2.01077291118418,0.028002534514275,1.965248,1.97023085119958,49.7463491912686,0.00567174806037373
3.22,0.274440821467456,0.0413160302181674,0.323983884592573,2.00936792280286,0.0251683413064854,1.9636927917763,1.96867540226123,49.7849750540169,0.00569695450454662
3.24,0.276253905613862,0.0413175826476161,0.320116844598362,2.00790668356138,0.0223003715487815,1.96209913950815,1.96707822499004,49.7901858591954,0.00571154887454368
3.26,0.278025425166579,0.0413191956601424,0.316161078090287,2.00638846261982,0.0194043370686879,1.96046701364,1.96543938778152,49.7646452396783,0.00571344705132827
3.28,0.279754603548086,0.0413202609355137,0.312126303090798,2.00481486965169,0.016485284376076,1.95879640026074,1.96376162208715,49.7370935480745,0.00570255924536107
3.3,0.281441050325613,0.0413201706034792,0.308023484949261,2.00318777876561,0.0135487266988589,1.95708730092593,1.96204779407211,49.7341935353823,0.00568888041056479
3.32,0.283084527180104,0.041318924016015,0.303864751579996,2.00150720282323,0.0106007398480036,1.95533973248,1.96029843562598,49.7605728547201,0.00567967261475997
3.34,0.284684886092782,0.041317200756555,0.299663715202442,1.99977094115838,0.00764814442217716,1.95355372687852,1.95851106818335,49.7942241161198,0.00567982052942258
3.36,0.286242391148213,0.0413157963434583,0.295433708112585,1.99797647877884,0.00469741608366022,1.95172933101037,1.95668241522551,49.799242587043,0.00568701487398811
3.38,0.287757201680152,0.0413149240138671,0.291186831807731,1.99612344177385,0.00175445655033968,1.94986660652,1.95481167243668,49.7656458174722,0.0056988398526797
3.4,0.289229200500257,0.0413140505354451,0.286934432112691,1.99421421703534,-0.00117505613996941,1.94796562962963,1.95290155518609,49.7228406527528,0.00570580291844518
3.42,0.290657925868981,0.0413124614571196,0.282688060464298,1.99225198145143,-0.00408511949689612,1.94602649096148,1.9509558084232,49.7073386941693,0.00569254236649271
3.44,0.29204283948535,0.0413100108587203,0.278457927873797,1.99023800144677,-0.00697034044658207,1.94404929536,1.94897539822797,49.7261352072931,0.00566118033581333
3.46,0.293383685415708,0.0413072857232793,0.274253951863348,1.98817097421246,-0.00982560723196228,1.94203416171407,1.94695775915056,49.7531984466626,0.00561636378620078
3.48,0.294680485563539,0.0413050264977576,0.270087207940738,1.98604902869102,-0.012645349063739,1.93998122277926,1.94489951279494,49.7545542153377,0.00556894400114077
3.5,0.29593318055768,0.0413033933633837,0.265969965765772,1.98387233821447,-0.0154233078656952,1.937890625,1.94280004773381,49.7188153545425,0.00553731332499117
3.52,0.297141901653078,0.0413018210123394,0.261915257704351,1.98164374656127,-0.0181528698766277,1.93576252833185,1.94066184623155,49.6706657034895,0.0055174765882629
3.54,0.298306975448548,0.041299537069228,0.25793510847909,1.97936701050408,-0.0208279791691905,1.9335971060637,1.93848821397621,49.6451677249432,0.00550704768533224
3.56,0.299428389555551,0.041296230962067,0.254039902047111,1.97704441265202,-0.0234432209184006,1.93139454464,1.93628043555224,49.6494844093975,0.00550174347907719
3.58,0.300505764431023,0.0412922841248571,0.250239809620406,1.97467592854399,-0.0259930996426443,1.92915504348296,1.93403701525974,49.6674082001247,0.00547327534826476
3.6,0.301538318414269,0.0412883805076992,0.246544530315305,1.97226050480858,-0.0284721494019108,1.92687881481481,1.93175507546439,49.6705973721268,0.00541987827192477
3.62,0.30252530923342,0.0412848500457309,0.242962054680452,1.96979834501374,-0.030875763138458,1.92456608348,1.92943314090056,49.6370126731982,0.00535186127055093
3.64,0.303466344545168,0.0412813390593506,0.239500882766337,1.96729225189302,-0.0331991677931058,1.92221708676741,1.92707284080787,49.5820842672234,0.00526981228889783
3.66,0.304361105473901,0.0412771305343968,0.236170241227091,1.96474658065245,-0.0354371717797109,1.91983207423259,1.92467783899074,49.5440572819827,0.00520313350779213
3.68,0.305209157870163,0.0412718681163273,0.232980610571694,1.96216469930052,-0.037583843421881,1.91741130752,1.92225047855641,49.5397164130029,0.00515469217561172
3.7,0.306010392070967,0.0412659853500161,0.229942384313948,1.95954741003951,-0.039633482902575,1.91495506018519,1.91978941915245,49.5542980202268,0.0051125112735696
3.72,0.306764509801576,0.0412603185128423,0.227064198618181,1.95689406505726,-0.0415812115239826,1.91246361751704,1.91729141014586,49.5542702572971,0.00508132300479507
3.74,0.307470920117411,0.0412553339972764,0.224353269976488,1.95420522272763,-0.0434226760572619,1.90993727636,1.91475497423609,49.5161883881146,0.00503995810081982
3.76,0.308128609410212,0.0412507509498835,0.221816796332949,1.95148403843759,-0.0451532008302524,1.9073763449363,1.91218228195581,49.4618905096988,0.00497191486671401
3.78,0.308736384610931,0.0412459420782924,0.219459949134853,1.94873480019021,-0.0467689931719951,1.90478114266815,1.9095769302466,49.4272213344882,0.00489132487885503
3.8,0.309293319390627,0.0412406520989675,0.217287502968016,1.94596050637625,-0.0482666033749221,1.902152,1.90694073156141,49.4231906453901,0.00479309673631528
3.82,0.30979879770325,0.0412353029746078,0.2153048057496,1.94316177832782,-0.0496424848716066,1.89948925822074,1.90427243242085,49.4365708541666,0.00470250483952476
3.84,0.310252040050416,0.0412306130650274,0.21351834752818,1.94033805859985,-0.050892414583208,1.89679326928593,1.90156961941977,49.438381710849,0.00462955115972999
3.86,0.310652613428622,0.0412269969079202,0.21193515966577,1.937489744565,-0.0520120006686672,1.89406439564,1.89883095977237,49.4082717544186,0.00456335649004876
3.88,0.311000244412976,0.0412241991179919,0.21056082437387,1.93461938289641,-0.052997581852098,1.89130301003852,1.89605786831089,49.3606478984665,0.00450576034112282
3.9,0.311294506886689,0.0412215257483091,0.209398592523237,1.93173080474638,-0.053846556424997,1.88850949537037,1.89325370277002,49.3236104734018,0.00445258847294856
3.92,0.311534645920829,0.0412184996316561,0.208451678700933,1.92882694211222,-0.0545561639869558,1.88568424448,1.89042117784256,49.3224894194322,0.00438167100958554
3.94,0.311719594792082,0.0412153415781968,0.207721970476717,1.92590799821392,-0.0551242474530583,1.88282765998963,1.88755978927937,49.3505200907585,0.00429920180830325
3.96,0.311848452097501,0.0412127712026197,0.207210084139039,1.92297214834337,-0.0555494597565203,1.87994015412148,1.88466646254952,49.3659491458764,0.00421235888393949
3.98,0.31192090666513,0.0412112720758726,0.206916720132505,1.92001829727558,-0.0558306738543632,1.87702214852,1.88173904145946,49.3456260964154,0.00413445223444528
4,0.311936743757924,0.0412105333906891,0.206843191522322,1.91704805847434,-0.0559663627872373,1.87407407407407,1.87877923133755,49.3018352772889,0.00406892351938577
4.02,0.311896055530004,0.0412097565956167,0.206991719273192,1.91406482654314,-0.0559545865915353,1.87109637073926,1.87579110414518,49.2712082202562,0.00400800872504754
4.04,0.311799333839792,0.0412084534044441,0.207364009533579,1.91107092485099,-0.0557939076995792,1.86808948736,1.87277720286659,49.2796669827555,0.00394021881104401
4.06,0.311647046757905,0.0412068745934001,0.207959368186891,1.90806583847486,-0.0554842427044746,1.86505388149185,1.8697367124606,49.3089236210409,0.00387015232819809
4.08,0.311439472530678,0.0412057149512452,0.208776500395669,1.9050472776366,-0.0550257799287137,1.8619900192237,1.86666704734721,49.3308178559371,0.00380437055715453
4.1,0.311176622995432,0.0412054301066719,0.209813219060231,1.90201352318075,-0.0544190045223582,1.858898375,1.86356685167962,49.3243562647194,0.00374021563398071
4.12,0.310858594991125,0.0412058486285334,0.211065382297107,1.89896483606898,-0.0536654077756275,1.85577943144296,1.86043737292968,49.2963495240462,0.00369792676134758
4.14,0.310486144293672,0.0412063874592218,0.212528526278433,1.89590296962571,-0.0527669517153085,1.85263367917481,1.8572816786968,49.2773638787147,0.0036883594216867
4.16,0.310060267265243,0.0412066090371312,0.214198794295333,1.89282918821881,-0.0517254248846472,1.84946161664,1.85410240878418,49.2854089529482,0.00367881942506666
4.18,0.309582095180479,0.04120667972639,0.216073606412397,1.88974261580796,-0.0505420808127036,1.84626374992741,1.85089972269227,49.3222820707429,0.00365024488207564
4.2,0.309053204312417,0.0412072667807227,0.218150626078311,1.88664048101918,-0.0492183426110796,1.84304059259259,1.84767115933461,49.3519536210307,0.00359234492791292
4.22,0.308475279378304,0.0412088593348156,0.220425102002256,1.88352028669184,-0.0477569787375546,1.83979266548,1.84441480757205,49.3508341504167,0.00350327918855913
4.24,0.307849886503734,0.0412112374507129,0.222890900769723,1.88038176713969,-0.0461613701459086,1.83652049654519,1.84113201547821,49.3269586003953,0.00344230616260618
4.26,0.307178304547165,0.0412136762702789,0.225541339535625,1.8772262859472,-0.0444350042073916,1.83322462067704,1.83782670694845,49.3156501692082,0.00341350949342423
4.28,0.306461703645829,0.041215700947204,0.22836799475791,1.8740541739804,-0.0425823132270934,1.82990557952,1.83450144277395,49.341054909422,0.00342998632941325
4.3,0.305701794488437,0.041217553823109,0.231362009482693,1.87086320264578,-0.0406083645134414,1.8265639212963,1.83115530573379,49.3836739914588,0.0035012105256211
4.32,0.304900615790026,0.0412198533874728,0.234515170926152,1.86764976561802,-0.0385181122722137,1.82320020062815,1.82778564577475,49.4139084142642,0.00356860312280513
4.34,0.304060332330596,0.041222881111102,0.237820524469937,1.86441138891077,-0.0363158746631338,1.81981497836,1.82439154254294,49.409723759859,0.00357827100537241
4.36,0.303183540413895,0.0412262664592896,0.241271651303285,1.86114793213361,-0.0340058715069123,1.81640882138074,1.82097477057673,49.3907843647445,0.00352214969703376
4.38,0.302273000273906,0.0412292721067385,0.244859988830564,1.85786052526174,-0.0315935926507234,1.81298230244593,1.8175386341583,49.3800079208873,0.00341680103135808
4.4,0.301331298352964,0.0412314199391176,0.248575652077004,1.85454944332533,-0.029085228589006,1.809536,1.81408544248277,49.4023345437711,0.00333591287023324
4.42,0.300360635036091,0.0412328815154851,0.252408381961982,1.85121273472464,-0.0264870565292847,1.80607049799852,1.810614958476,49.4437771267542,0.00331175786253254
4.44,0.299363004534921,0.0412342757127169,0.256346517808717,1.84784689966631,-0.0238060775254537,1.80258638573037,1.80712470660157,49.4754411450193,0.00337035849012843
4.46,0.298340940546907,0.0412359965771278,0.260377774513565,1.84444936431757,-0.0210499541429383,1.79908425764,1.80361301537239,49.4675196312766,0.00349200303365858
4.48,0.297297273034764,0.0412377202795468,0.264490496359348,1.84102032342812,-0.0182261700981909,1.79556471314963,1.80008158924436,49.4369030760478,0.00358662763877596
4.5,0.296234971082906,0.0412386806128761,0.268674627438765,1.83756183705916,-0.015341438600786,1.79202835648148,1.79653462202589,49.4184627471705,0.00361584359857541
4.52,0.295157317591529,0.0412384707723935,0.272921157135979,1.83407498552941,-0.0124021460902713,1.78847579648,1.79297459599552,49.4378204900903,0.00352701927758242
4.54,0.294067695373126,0.0412374461711013,0.277218961322311,1.83055829207937,-0.00941599498197656,1.78490764643407,1.78940039261424,49.4709105813751,0.00336111822062789
4.56,0.292969271674234,0.0412363194280617,0.28155606491223,1.82700913433225,-0.00639109928829733,1.78132452389926,1.78580935346222,49.4863900568721,0.00325272194217954
4.58,0.291864772130863,0.0412354229350887,0.285919975217874,1.82342636867059,-0.00333565540703982,1.77772705052,1.78220087445671,49.4652000633478,0.0031960750663938
4.6,0.290756629040434,0.0412344293809244,0.290297032833103,1.81981139704784,-0.000258406695608839,1.77411585185185,1.77857712958838,49.4296579052289,0.003245139854476
4.62,0.289647845573668,0.0412327198906604,0.294673296068613,1.81616693000448,0.00283133709267216,1.7704915571837,1.77494146785377,49.4046548336335,0.00339292019780768
4.64,0.288541560203106,0.0412300085836432,0.299035914800889,1.81249477032559,0.00592471099325065,1.76685479936,1.77129588551774,49.4115611390233,0.00346975890157004
4.66,0.28744103029882,0.041226642414966,0.303373936202751,1.80879463843447,0.00901378302299169,1.76320621460296,1.76763982848542,49.4311508447565,0.00343813474098825
4.68,0.286349756426882,0.0412232895986761,0.307677636782448,1.80506517469711,0.0120911296978993,1.75954644233481,1.76397092644891,49.4352059490355,0.00328820843229662
4.7,0.285271271619432,0.0412202470615187,0.311935102940999,1.8013064029884,0.0151480038377972,1.755876125,1.76028821146398,49.4006938098268,0.00305264953570194
4.72,0.284208747116824,0.0412171030285588,0.316134118053391,1.7975210455411,0.0181755871236665,1.75219590788741,1.75659408961499,49.3500732752361,0.00288764454673425
4.74,0.283164791926297,0.041213172941598,0.320262021485633,1.79371308704323,0.021165016764146,1.74850643895259,1.75289259346749,49.3211065471888,0.00280035641427427
4.76,0.282141796001501,0.0412082561407711,0.324305447559141,1.78988507156981,0.0241070751622658,1.74480836864,1.74918529696761,49.3222306406027,0.00285368844062615
4.78,0.281142665752164,0.0412028246582881,0.328251057425668,1.78603730353131,0.0269922167103817,1.74110234970518,1.74547053650671,49.3313363454995,0.00294875556545969
4.8,0.280170316717644,0.0411974890432243,0.332087057744992,1.78216967258333,0.029811711225292,1.73738903703704,1.74174617838193,49.3121977436184,0.00296896568804017
4.82,0.27922779243186,0.0411923555724318,0.335804324548333,1.7782838896568,0.0325581804740477,1.73366908748,1.73801264758511,49.266929890881,0.00287823006973548
4.84,0.27831824363547,0.041186963410439,0.339394229956297,1.77438378941298,0.0352243456790451,1.7299431596563,1.73427266674672,49.2147815777066,0.00261097936971994
4.86,0.277444679155874,0.0411807886688799,0.342846413880311,1.77047369217289,0.0378019125235663,1.72621191378815,1.73052922689429,49.1834941057068,0.00231635849988979
4.88,0.276609686406736,0.0411738049706052,0.346150648245622,1.76655638729416,0.0402828587543225,1.72247601152,1.72678346091937,49.1804159796594,0.00213679267107158
4.9,0.275815126125127,0.041166582781544,0.349296175687305,1.76263277348188,0.0426592579305892,1.71873611574074,1.72303398131428,49.1780677646148,0.00201961120693639
4.92,0.27506292656732,0.0411597495468845,0.352271790527124,1.75870360085341,0.0449228236802615,1.71499289040593,1.71927876021177,49.150634819064,0.00205860373220203
4.94,0.274355313003498,0.0411533540851129,0.355067324458409,1.75477162870719,0.0470655612066753,1.71124700036,1.71551830457648,49.0920968693986,0.00212553778562513
4.96,0.273694453704581,0.0411468656503497,0.357674747417525,1.75084166930918,0.0490806015041849,1.70749911115852,1.71175621257284,49.0369018615056,0.00208082905268983
4.98,0.273082589742041,0.0411398465694658,0.3600890119763,1.74691809894572,0.0509627114585588,1.70374988889037,1.70799578939986,49.0186318096431,0.0018775574564012
5,0.272522037324771,0.0411325398712524,0.362304042108707,1.74300284957197,0.0527060451754395,1.7,1.70423690480197,49.0239809914828,0.00153274107556174
5.02,0.272014829991701,0.0411256797975937,0.364313028440867,1.73909604739193,0.0543045119352856,1.69625011110963,1.70047709120756,49.0191895484315,0.00126343744740356
5.04,0.271562335754035,0.0411197726779747,0.366109234803711,1.73519857629407,0.0557523756492822,1.69250088884148,1.69671525626857,48.9837676835547,0.00105025096110572
5.06,0.271165236891593,0.0411146664458115,0.367685735352705,1.73131364601166,0.0570440425107676,1.68875299964,1.69295309746135,48.9263498925929,0.000996127733415761
5.08,0.270824557292152,0.0411097544819893,0.369035932092556,1.72744588627109,0.058173788314481,1.68500710959407,1.68919409413886,48.8837942742215,0.00108412905528149
5.1,0.27054137992584,0.0411046634540157,0.370154593305391,1.72359888258669,0.0591366464249521,1.68126388425926,1.68544073912966,48.8770872085942,0.00110869237533116
5.12,0.270316799955898,0.0410996865219065,0.371039524760355,1.71977345766208,0.0599295194665923,1.67752398848,1.68169287308673,48.8930826156064,0.00102847234449027
5.14,0.270152029043845,0.0410955368171199,0.371690066601602,1.71596851555439,0.0605502136032669,1.67378808621185,1.67794800664673,48.8992758351259,0.000827243144632403
5.16,0.27004809816959,0.0410926060530167,0.372104300491966,1.71218388852794,0.0609958328263347,1.6700568403437,1.67420475139704,48.8695943310491,0.0006964018620678
5.18,0.270005561851733,0.0410905193346486,0.372280431454673,1.70842199863887,0.0612636927914585,1.66633091252,1.67046539752643,48.8208003606516,0.000800524581009801
5.2,0.27002400467691,0.0410885754994458,0.372216748221562,1.7046864811375,0.0613516597327322,1.66261096296296,1.66673406394031,48.7966913686932,0.000857376013409074
5.22,0.270102998934075,0.0410865033765285,0.371911232991642,1.70097927403471,0.0612574857528652,1.65889765029481,1.66301253812068,48.8112238138827,0.000909922835746764
5.24,0.270242392598239,0.0410847116636377,0.371362699782496,1.69729953520997,0.0609793709099165,1.65519163136,1.65929932404137,48.8371374697882,0.000978792429191182
5.26,0.270442012350484,0.04108379115214,0.370572197898525,1.69364535937798,0.0605169103181961,1.65149356104741,1.65559242081893,48.8418609926988,0.00107856524434152
5.28,0.270701709408446,0.0410838659589067,0.369544348730544,1.69001602256168,0.0598717818201926,1.64780409211259,1.65189200392288,48.8228600156271,0.00123222419598753
5.3,0.271021270204615,0.0410844847955853,0.368283120942544,1.686412715501,0.0590452369029035,1.644123875,1.64820049940805,48.7995526782026,0.00146481225038428
5.32,0.271400194529861,0.0410850877333326,0.366791913966544,1.68283698213577,0.0580383602716196,1.64045355766519,1.6445208731213,48.7975322480994,0.0017413657688557
5.34,0.271837130037958,0.0410856130180487,0.36507413249024,1.67928863198869,0.0568528593187268,1.63679378539704,1.64085433057084,48.8268751275545,0.00192618422561752
5.36,0.272330255549363,0.0410865693528746,0.363132689286831,1.67576532473105,0.0554905449562266,1.63314520064,1.63719918910682,48.8595410255011,0.00197831846663335
5.38,0.272878050775316,0.0410884218704654,0.360971129755173,1.67226450681744,0.0539534537546486,1.6295084428163,1.6335535814523,48.8641783308363,0.00197452898117995
5.4,0.273479030794434,0.0410910192578808,0.358594532456015,1.66878553839485,0.0522444758916209,1.62588414814815,1.62991861528291,48.8446192352487,0.00203330593787043
5.42,0.27413170126896,0.0410937395914944,0.356012090345221,1.66532913983668,0.0503690122829013,1.62227294948,1.62629798224051,48.8401391326621,0.00219292505981157
5.44,0.274834638273888,0.0410962163362555,0.353233238569683,1.66189502273745,0.0483326757508043,1.61867547610074,1.62269380588991,48.8693917304506,0.00245767555443828
5.46,0.275586280263925,0.0410987132045495,0.350266229308529,1.6584806120703,0.0461405836565894,1.61509235356593,1.61910509688095,48.91276332184,0.00272631637945572
5.48,0.276384381902405,0.0411017583837917,0.347119185213616,1.65508236204271,0.0437982757877147,1.61152420352,1.61552997311725,48.937006849652,0.00293067120253503
5.5,0.277225904280696,0.0411055173712696,0.343799789775649,1.65169801438158,0.0413115103523028,1.60797164351852,1.61196813767674,48.9322140659665,0.00298920483674183
5.52,0.278108034924886,0.0411095321280677,0.34031612719471,1.64832739234035,0.0386861400729087,1.60443528685037,1.60842169634531,48.9176978696104,0.00293943096507708
5.54,0.279028159790507,0.0411131287264322,0.336677084161043,1.64497104781069,0.0359284423648136,1.60091574236,1.60489381251558,48.9256410718841,0.00292537932420133
5.56,0.279983719130285,0.0411160805972297,0.332895399168953,1.64162784271291,0.0330471902655061,1.59741361426963,1.6013861562525,48.9674792896544,0.00301689823371438
5.58,0.280972290056192,0.04111883405577,0.328984765586442,1.63829422989923,0.030051816001522,1.59392950200148,1.59789693338335,49.0125464145441,0.00324446582673929
5.6,0.281991388300048,0.0411219203838168,0.324957504299515,1.63496644396718,0.026951005541224,1.590464,1.5944235878806,49.0230325763807,0.00347744831181822
5.62,0.283037974348546,0.0411252184109469,0.320825610178824,1.63164323488829,0.0237535998679519,1.58701769755407,1.590966858977,49.0013445875404,0.00364186309949279
5.64,0.284108137011504,0.0411280160367899,0.31660037992911,1.62832575660799,0.0204685933419051,1.58359117861926,1.58753046891575,48.9863404157376,0.00366507810947927
5.66,0.285198166477984,0.041129758235427,0.312293081254435,1.62501478722623,0.0171049487550395,1.58018502164,1.58411704265849,49.0040103109601,0.00358146717248782
5.68,0.286304689580107,0.0411305714204838,0.307915169041611,1.62170884679581,0.013671662672499,1.57679979937185,1.58072610735797,49.0406603461713,0.00352160133311062
5.7,0.287424470825641,0.0411310186674268,0.303481808857336,1.61840502890581,0.0101800848980944,1.5734360787037,1.57735576124929,49.0636677352496,0.00354542537336402
5.72,0.288554439579133,0.0411314531005327,0.299009420813394,1.61510140330463,0.00664232978058446,1.57009442048,1.57400478540814,49.0519874833151,0.00370585684276554
5.74,0.289691571581101,0.0411315883914012,0.294512719108382,1.61179866130064,0.00306948077620708,1.56677537932296,1.57067458394139,49.0164067826049,0.00388571422996925
5.76,0.290832373156549,0.0411307519158297,0.290005645659004,1.60849928209913,-0.00052746205181146,1.56347950345481,1.567368758819,48.9956521787116,0.00400960287000566
5.78,0.291972556397947,0.0411286506904581,0.28550102640303,1.60520474095067,-0.00413758199182549,1.56020733452,1.56408956897756,49.0119501328623,0.00398126028406676
5.8,0.293108073188435,0.0411257535739438,0.281011415229479,1.60191399947059,-0.00775019660247151,1.55695940740741,1.56083529569044,49.0364631846463,0.00385248180603868
5.82,0.294235273308619,0.0411227250229922,0.276549200826892,1.59862550977215,-0.0113549154041519,1.55373625007259,1.55760323768042,49.0279145500994,0.00376261988876082
5.84,0.295350772113444,0.0411196358098076,0.272130286807991,1.59534014678515,-0.0149391657597817,1.55053838336,1.55439400449793,48.9855727100208,0.00375913837547595
5.86,0.296451396869716,0.0411159710669407,0.267771473129571,1.59206125994252,-0.0184897917288934,1.54736632082518,1.5512106583854,48.9431580883837,0.00386586621904596
5.88,0.297534188504597,0.0411112851294307,0.263487438204583,1.58879229012523,-0.0219950103597825,1.54422056855704,1.54805565406987,48.9258316936914,0.00397488711234934
5.9,0.298595676491428,0.0411056939198192,0.259291741439551,1.58553490191913,-0.0254433503094691,1.541101625,1.54492927083577,48.9310067441551,0.00404026712534403
5.92,0.299631704692491,0.0410997838588357,0.255196526596755,1.58228914446646,-0.0288237596446401,1.5380099807763,1.54182984046639,48.9309061007948,0.00398499384924584
5.94,0.300638500196691,0.0410940396217033,0.251213243483789,1.57905551961869,-0.0321258060013688,1.53494611850815,1.53875556110945,48.8957569643533,0.00386015811804908
5.96,0.301612754927661,0.0410882906425654,0.247353151346297,1.5758370674711,-0.0353393433529305,1.53191051264,1.53570763359634,48.8357547674223,0.00376465519255878
5.98,0.302551598237262,0.0410819366705504,0.243630756940679,1.57263876935659,-0.0384522451574153,1.52890362926074,1.5326899125143,48.7935162624131,0.00374851195205754
6,0.303452351674977,0.0410747742308587,0.240060736723651,1.56946444901142,-0.0414523228839693,1.52592592592593,1.52970409033657,48.7855305215312,0.0038163610730294
6.02,0.304312638960753,0.041067300763319,0.236655452845892,1.56631548729175,-0.0443290894628611,1.52297785148,1.52674830389869,48.781925460184,0.0038918265977262
6.04,0.305129479804924,0.0410600923191498,0.233425662887209,1.5631928750969,-0.047072665806013,1.52005984587852,1.52382077589625,48.7538472756865,0.00391977489923726
6.06,0.305899437676926,0.0410532147953182,0.230380658244976,1.56009930356721,-0.0496737104553557,1.51717234001037,1.52092214868299,48.703705881632,0.00384583753450002
6.08,0.306619664111672,0.0410463066090143,0.227528266895388,1.55703903460773,-0.0521240995424391,1.51431575552,1.51805453673839,48.6533502892383,0.00375315731154836
6.1,0.30728777301129,0.0410390392730828,0.224876793071126,1.55401635882743,-0.054415635641408,1.51149050462963,1.51522011528743,48.6262830470352,0.00370003717570799
6.12,0.307901856682873,0.04103157974246,0.222437589194514,1.55103404212022,-0.0565384397144758,1.50869698996148,1.51241936271691,48.6229319775422,0.00371291540375879
6.14,0.308460262980624,0.0410245394974906,0.220221097860736,1.54809316198195,-0.058483428723579,1.50593560436,1.50965012373883,48.6105427977224,0.00375651126809645
6.16,0.308961632793626,0.0410183111075065,0.218235414121467,1.54519535810004,-0.060243198404624,1.50320673071407,1.5069109916238,48.5654580339689,0.00380238342921638
6.18,0.309403937958375,0.0410125873891774,0.21648624472977,1.54234439126462,-0.061811338286993,1.50051074177926,1.50420443435696,48.514931259942,0.00380633222813569
6.2,0.309784976390697,0.0410069037514319,0.21497812740159,1.5395443327999,-0.0631820454890675,1.497848,1.50153349618444,48.4946694964217,0.00377006337364394
6.22,0.310103169650765,0.0410013613767832,0.213713834884504,1.53679702052742,-0.0643512003432786,1.49521885733185,1.49889814770425,48.4995713814929,0.00375046213006925
6.24,0.310357479979485,0.0409965282077898,0.212697795032744,1.53410255534207,-0.0653140326966612,1.4926236550637,1.49629650838296,48.5001323956702,0.00375815105189787
6.26,0.310547279903094,0.0409928367731568,0.211936734532417,1.53146144819344,-0.0660644849652278,1.49006272364,1.49372751884804,48.4780231119686,0.00378604726256492
6.28,0.310672425148746,0.0409901943142073,0.211435095952659,1.52887574168424,-0.0665982469676678,1.48753638248296,1.49119184240095,48.4376138581721,0.00381086213234934
6.3,0.310732803231093,0.040988077467988,0.2111949504946,1.52634859630284,-0.0669125467351688,1.48504493981481,1.48869215264755,48.4104042453515,0.00384213991639181
6.32,0.310727534418089,0.0409861355658905,0.211216202358597,1.52388195225423,-0.0670056245498347,1.48258869248,1.48623098936519,48.4264484563512,0.00385400103455829
6.34,0.310655935868662,0.0409847740090082,0.211497570504017,1.52147460647415,-0.0668768471631462,1.48016792576741,1.48380680909235,48.4613819443469,0.00387502405470095
6.36,0.310517906735776,0.0409846889072892,0.212036455552267,1.51912391807921,-0.0665269676401463,1.47778291323259,1.4814162950861,48.4674328341983,0.00391402125052026
6.38,0.310314044159982,0.0409859591171183,0.2128327647751,1.51682941658881,-0.0659554278454056,1.47543391652,1.47905949582535,48.441255458993,0.00395490174986167
6.4,0.31004528435853,0.0409879639250155,0.213886983218577,1.51459295719838,-0.0651614012751384,1.47312118518518,1.47673950395319,48.4208114047258,0.00397237490577244
6.42,0.309713071923134,0.0409901461999748,0.215197201715649,1.51241583151652,-0.0641460864212605,1.47084495651704,1.47445859788069,48.4341127300381,0.00398282780500785
6.44,0.309318412655447,0.0409925247096838,0.216758936016262,1.51029669017615,-0.0629123166066888,1.46860545536,1.47221679058723,48.4779396291435,0.00400017738292199
6.46,0.30886171916341,0.0409956214358976,0.218566465486156,1.50823182850723,-0.0614635324709044,1.4664028939363,1.47001202157211,48.5220840475353,0.00403402922193199
6.48,0.308343927996569,0.0409998813756264,0.220612005887168,1.50621746307611,-0.0598049758822458,1.46423747166815,1.46784182065406,48.5296837019389,0.00409024217291386
6.5,0.307766678466836,0.041005012466944,0.222887803944325,1.50425239519175,-0.0579422633121518,1.462109375,1.46570712887189,48.5126031883221,0.00414881753526632
6.52,0.30713209544542,0.0410102237858362,0.225389158899175,1.50233737540407,-0.055879231614374,1.46001877722074,1.46361187160982,48.5201115822242,0.00417090097754166
6.54,0.306442704346627,0.0410151824487932,0.228110282715546,1.50047136517446,-0.0536208859066134,1.45796583828593,1.4615573033083,48.5680592612425,0.00416058833787593
6.56,0.305701231848897,0.0410202949317638,0.231043147862085,1.49865036315925,-0.0511740962246505,1.45595070464,1.45954100219077,48.6214832779241,0.00415622653962413
6.58,0.30490957674047,0.0410260079011955,0.234177397568782,1.49686978289901,-0.0485468321346487,1.45397350903852,1.45756103866341,48.651753136344,0.00416820358522449
6.6,0.304069649377752,0.0410322722809316,0.23750130958668,1.4951266749813,-0.0457479881449234,1.45203437037037,1.45561740989506,48.6564721996574,0.00421201305157501
6.62,0.303183913707655,0.0410385567844798,0.241001369118028,1.49341986254034,-0.042788069073693,1.45013339348,1.45371187861782,48.6589650412306,0.00426567778893175
6.64,0.302255511062586,0.041044341306909,0.244666754231844,1.4917484470333,-0.0396762748248386,1.44827066898963,1.45184676817764,48.6896842140405,0.00429525447494785
6.66,0.301287819932887,0.0410496779887557,0.248488216914576,1.49010958954236,-0.0364210302547187,1.44644627312148,1.4500218364862,48.7444835966633,0.00427730102353521
6.68,0.300284690832065,0.0410550768154396,0.252454877747808,1.48849874832693,-0.033032315189239,1.44466026752,1.44823401826122,48.7810442290604,0.00424621874878163
6.7,0.299249550510632,0.0410606730396421,0.256552982098017,1.48691261052441,-0.0295218083561158,1.44291269907407,1.44648226266566,48.7833791079018,0.00422661101821814
6.72,0.298185161963685,0.0410659673797443,0.260767669187868,1.48535024361032,-0.0259014969379193,1.44120359973926,1.44476893116494,48.7839284904856,0.00423883122581546
6.74,0.297094571782023,0.0410704593123516,0.265082316773602,1.48381096872489,-0.0221848647226541,1.43953298636,1.44309573734131,48.80558386962,0.00426948664615407
6.76,0.295981495087228,0.0410741336541948,0.269480960589266,1.48229271469235,-0.0183855168201978,1.43790086049185,1.44146220537336,48.843767800828,0.00429344299502082
6.78,0.294849945492431,0.0410773383697699,0.273951279326814,1.48079241280336,-0.0145148153779655,1.4363072082237,1.43986686244771,48.8762792254649,0.00427413974851719
6.8,0.293704287331246,0.0410803379551102,0.278480584792533,1.47930747228044,-0.0105846522031689,1.434752,1.43830796132908,48.8795137203768,0.00422750231984457
6.82,0.292548972254898,0.0410828734803384,0.283053789481757,1.47783740184588,-0.00660867556185348,1.43323519044296,1.43678597639704,48.8600916415649,0.00418393406125729
6.84,0.291387435352344,0.041084360154949,0.287654290925378,1.47638324341956,-0.00260094678003575,1.43175671817481,1.43530377593607,48.8594963975997,0.0041632940800213
6.86,0.290222972308381,0.0410846531929541,0.292264598864421,1.47494487345712,0.00142386625101873,1.43031650564,1.43386186623221,48.8849499992128,0.00416476557429091
6.88,0.289059354290298,0.0410841956281677,0.296866200203931,1.47352043388807,0.00544999380137107,1.42891445892741,1.43245761355724,48.9033108012649,0.00417052148714903
6.9,0.287900804931299,0.0410833533808955,0.301444581089616,1.47210867847336,0.009464103499622,1.42755046759259,1.43108943696718,48.8932553260213,0.00415065074725294
6.92,0.286751674590632,0.0410819922018998,0.305986774399832,1.47071047040236,0.0134538025368129,1.42622440448,1.42975800757407,48.866147112876,0.00410060514121361
6.94,0.28561665191484,0.0410796866157623,0.310478553541255,1.46932805348862,0.0174055097838211,1.42493612554519,1.42846483006349,48.8436903663647,0.00404518627306375
6.96,0.284499514774696,0.0410762226284854,0.314903672863814,1.46796337154339,0.0213048087761066,1.42368546967704,1.42721106546285,48.8434582054298,0.00400310824272044
6.98,0.283403425451422,0.0410719413276783,0.319245610637062,1.46661678326344,0.0251375013443887,1.42247225852,1.42599558627382,48.853207032411,0.00397943136398915
7,0.282331703918565,0.0410674177955938,0.323486405706465,1.4652881244431,0.0288882563373398,1.4212962962963,1.42481546001225,48.835821235671,0.00396396965683003
7.02,0.281288193000099,0.041062730372092,0.327611053387002,1.46397920165305,0.0325433762947521,1.42015736962815,1.42367033984198,48.7895225679091,0.00393881686278721
7.04,0.280276757234437,0.0410574515051627,0.331607951804405,1.46269381550064,0.0360914408664133,1.41905524736,1.42256281302147,48.753489321709,0.00389046906171955
7.06,0.279301567715482,0.0410513569199323,0.335465628965912,1.46143517879011,0.0395208791177432,1.41798968038074,1.42149386943908,48.7449053522671,0.00383334213618748
7.08,0.27836628257586,0.0410447921869777,0.339170459635383,1.4602047149233,0.042819002091886,1.41696040144593,1.42046192033652,48.7433462613396,0.00378251924795967
7.1,0.277473564874381,0.0410383431576635,0.342708553963422,1.45900324044858,0.0459736507030169,1.415967125,1.41946493702988,48.725241650498,0.00374248353253442
7.12,0.276625841583936,0.0410322742771782,0.346065236777549,1.45783287533958,0.0489722227617486,1.41500954699852,1.41850165652463,48.677888032751,0.00370892978159545
7.14,0.275825993167436,0.0410262594550128,0.349227147121264,1.45669783423632,0.0518026115099467,1.41408734473037,1.41757336684818,48.6253984667062,0.00367338681280269
7.16,0.275077001267512,0.0410198714849889,0.352185370465782,1.45560251314958,0.0544557328178741,1.41320017664,1.416682682343,48.6081939192795,0.00362528652515979
7.18,0.274381973561892,0.0410133192035927,0.354932520750151,1.45454881351471,0.0569235977264068,1.41234768214963,1.41582876998573,48.6192369630167,0.00356999741444246
7.2,0.273743940932007,0.0410073048918207,0.357459531453945,1.45353675189827,0.0591971936930854,1.41152948148148,1.4150080409712,48.6120644463606,0.00351639559403359
7.22,0.273164765521877,0.0410022299400177,0.359756651530495,1.45256752985942,0.0612678074185636,1.41074517548,1.41421896934902,48.5713794598164,0.00346685188965192
7.24,0.272645679706371,0.0409978322558951,0.36181433934813,1.45164471944865,0.0631271950456727,1.40999434543407,1.41346278850776,48.5220301449019,0.00341931308998599
7.26,0.272188186463756,0.0409935950741412,0.363622826445646,1.45077263145314,0.0647667145454103,1.40927655289926,1.41274138495747,48.4969676179725,0.00337113802561955
7.28,0.271794084280252,0.0409894113613771,0.365176723015382,1.4499535561722,0.0661807215533273,1.40859133952,1.41205541788748,48.5116051519219,0.00331814937614111
7.3,0.271465108016094,0.0409858597954392,0.366473470297579,1.44918679660293,0.0673658108654011,1.40793822685185,1.41140232214705,48.535081378116,0.00326114254235305
7.32,0.271203199555936,0.0409835769200052,0.367509895332738,1.44847101574173,0.0683180637203551,1.4073167161837,1.41077847584081,48.5228965051299,0.00320337152687883
7.34,0.271009213796664,0.0409825130339002,0.368281582260289,1.44780735427464,0.069033326748234,1.40672628836,1.41018381140062,48.4830813102821,0.00314579045941486
7.36,0.27088307435231,0.0409820653486154,0.368784912458849,1.44719884651123,0.0695085705211437,1.40616640360296,1.40962111209728,48.4637670889265,0.0030863458646332
7.38,0.270824717717818,0.0409819025877589,0.369015096574013,1.44664730198404,0.0697400239730773,1.40563650133481,1.40909117146853,48.4823567565451,0.00302525689326484
7.4,0.270834544410462,0.0409823243498692,0.368970765556101,1.44615151194327,0.0697262170761224,1.405136,1.40859206859227,48.5204581242638,0.00296216551337792
7.42,0.270912797728151,0.0409839231559693,0.368654441794163,1.44570852129968,0.0694686796279713,1.40466429688741,1.40812096898902,48.5444964584314,0.00289714264295483
7.44,0.271060006873277,0.0409868990047828,0.368069398209034,1.44531621620033,0.0689692401056391,1.40422076795259,1.40767600188198,48.5386802503873,0.00283051865299347
7.46,0.271275922288788,0.0409908203075477,0.367217236089083,1.44497471014756,0.0682289826294415,1.40380476764,1.40725819087417,48.5281987313524,0.00276243957287156
7.48,0.271559211827181,0.0409951470998889,0.366100187717148,1.44468442685408,0.067250217586105,1.40341562870519,1.40686976868154,48.552869938141,0.00269082122443756
7.5,0.271908254614826,0.0409999212788076,0.364719163807902,1.44444345635621,0.0660346957179097,1.40305266203704,1.40650953397882,48.6047184107008,0.00261658793398592
7.52,0.272321928837095,0.041005586521126,0.363077116585065,1.44424775534703,0.0645854054180676,1.40271515648,1.40617414848957,48.6459762556413,0.00254034936356002
7.54,0.272799017422977,0.0410123377579527,0.361181439054194,1.44409353414929,0.0629085475403644,1.4024023786563,1.40586214323086,48.6664542503323,0.0024627206473648
7.56,0.273338532331805,0.041019870052586,0.359041528813649,1.44397833948464,0.0610115206604204,1.40211357278815,1.40557375468815,48.6829856146898,0.00238326940612595
7.58,0.273939127183149,0.0410277127661285,0.356665037394411,1.44390029044522,0.0589007316112186,1.40184796052,1.40530959524117,48.7137022575457,0.00230178124142484
7.6,0.274598374443579,0.0410356994460121,0.35405948058219,1.44385646274672,0.0565833406837639,1.40160474074074,1.40506964368196,48.7686944762444,0.0022168022536558
7.62,0.27531326004965,0.0410441010900797,0.351231480039906,1.4438422630909,0.0540663892766661,1.40138308940593,1.4048514127537,48.8241449309568,0.00212887854928332
7.64,0.276081165083487,0.0410531206002611,0.348188286420821,1.44385298092749,0.0513570872336442,1.40118215936,1.40465213901844,48.8536587755384,0.00203851746697221
7.66,0.276899586535678,0.0410624449967592,0.34494140990025,1.44388541293606,0.0484655169972912,1.40100108015852,1.40447216686818,48.8763130980763,0.00194643662291304
7.68,0.277766160605406,0.0410715752594134,0.341505248368216,1.44393687067571,0.0454037052945332,1.40083895789037,1.40431259426237,48.9189130768919,0.0018523391308607
7.7,0.278678556151267,0.0410803786099317,0.337892852286458,1.44400344774459,0.0421827622517937,1.400694875,1.40417219482045,48.9761742866168,0.00175598391454914
7.72,0.279633491257703,0.0410890796314541,0.334116128135181,1.44408019974129,0.0388136987656304,1.40056789010963,1.40404865875262,49.0286374305704,0.00165669560743691
7.74,0.280626877101945,0.041097854869996,0.330186594932049,1.44416251186294,0.0353077967486512,1.40045703784148,1.4039399699206,49.0615724743426,0.00155456861171043
7.76,0.281654841364524,0.0411064951949814,0.326115148794219,1.44424720752411,0.0316756803601292,1.40036132864,1.40384518487721,49.0790598648694,0.00144988416300519
7.78,0.282713914796696,0.0411144798022539,0.321916089285302,1.44433226277832,0.0279300766446778,1.40027974859407,1.40376531168523,49.1074921133361,0.00134300444079571
7.8,0.283800709980849,0.0411215587024646,0.317607080157885,1.44441484751131,0.0240860786031527,1.40021125925926,1.40370051578563,49.1618369203195,0.00123383912848524
7.82,0.284912151621505,0.0411280407575348,0.313205232825665,1.44449037528409,0.0201581929916535,1.40015479748,1.40364762104148,49.2134933620347,0.00112223017704174
7.84,0.286044453766121,0.0411342609327121,0.308725509282887,1.44455455059847,0.016159864104846,1.40010927521185,1.40360356742898,49.2344267686295,0.00100797543845444
7.86,0.287192938052189,0.0411400567335047,0.304182645984096,1.44460523143809,0.0121049516559836,1.4000735793437,1.40356816067767,49.2405377123273,0.000891056100714565
7.88,0.288352938776102,0.0411449717419282,0.299589787216896,1.44464164247935,0.00800615248027031,1.40004657152,1.40354187017503,49.2528347431254,0.000771563821328303
7.9,0.289520455650817,0.0411487341844808,0.294962252402969,1.44466263198669,0.00387724659636659,1.40002708796296,1.40352447150322,49.2833217704725,0.000649549229550764
7.92,0.290691574775191,0.0411515473316143,0.290318834475292,1.44466568731226,-0.000265576441674664,1.40001393929482,1.40351428605824,49.3244912964252,0.000524963465041897
7.94,0.291862865102536,0.0411538934335457,0.285678726079334,1.44464765383759,-0.00440621766653986,1.40000591036,1.4035076029928,49.3428605305679,0.000397744164430008
7.96,0.293030510096741,0.0411558699377391,0.281058103642729,1.44460714682467,-0.00853048213542297,1.40000176004741,1.40350238637709,49.3283344967033,0.000267854513932231
7.98,0.29418984578428,0.0411570130409183,0.276472644997154,1.44454520139968,-0.0126239195730887,1.40000022111259,1.40350006913589,49.318547435,0.000135279823187268
8,0.295335997807039,0.0411569880088383,0.271935871963999,1.44446268542613,-0.0166734571103855,1.4,1.40350093942805,49.3337659109194,0
8.02,0.296464920684067,0.0411560377030408,0.267462172464129,1.44435870843579,-0.0206660233993621,1.4,1.40350238563464,49.3538415811434,0
8.04,0.297572744461965,0.0411545725023014,0.263069127805354,1.44423215796463,-0.0245864265403736,1.4,1.40350187649911,49.3457447403678,0
8.06,0.298656185347551,0.0411525410130274,0.25877557247304,1.44408412612415,-0.028418973777796,1.4,1.40349863363343,49.3007521718214,0
8.08,0.29971193714768,0.0411492585490345,0.254596770123498,1.44391851751512,-0.0321504204920377,1.4,1.4034947132694,49.2458541887819,0
8.1,0.30073597306925,0.0411440275698619,0.250546943373636,1.44373986837828,-0.0357676984790918,1.4,1.40349351540886,49.2284136758459,0
8.12,0.301723817501965,0.0411370220260495,0.246638048967272,1.44354999879982,-0.0392590953853678,1.4,1.40349451823388,49.2421493254858,0
8.14,0.302671860561456,0.0411291499355221,0.242881638309367,1.44334860910138,-0.042613890135467,1.4,1.40349362085732,49.2291927840682,0
8.16,0.303576849968527,0.0411209395309709,0.239291750123907,1.44313737850387,-0.045819794903562,1.4,1.40348956289961,49.1730401964796,0
8.18,0.304436156167272,0.0411121693483028,0.235884379769875,1.44292136784686,-0.0488634322777146,1.4,1.40348477067261,49.105844475581,0
8.2,0.305247438997569,0.041102500598485,0.23267206724373,1.44270635796319,-0.0517340278964288,1.4,1.40348190300547,49.0643756206888,0
8.22,0.306007796248121,0.0410921732431187,0.229665699172148,1.44249607675242,-0.0544216511218696,1.4,1.40348177864745,49.0619183540808,0
8.24,0.30671367827305,0.0410821386716421,0.226874060428582,1.4422913694711,-0.0569175403308711,1.4,1.40348202250251,49.0650989836405,0
8.26,0.307362312317544,0.0410733852464087,0.224304312370132,1.44209269749376,-0.0592146724576307,1.4,1.40347919332093,49.0265544571411,0
8.28,0.307951512344658,0.0410660004630354,0.221965154430719,1.4419036579126,-0.0613051832834466,1.4,1.40347425821255,48.9573701101875,0
8.3,0.308479661414957,0.0410594322693295,0.219867840729477,1.44173010724899,-0.0631796523447176,1.4,1.40347124801898,48.9137238623938,0
8.32,0.308945647959148,0.0410535428049201,0.218021072076951,1.4415759083602,-0.0648309199593344,1.4,1.40347123384014,48.9128563268881,0
8.34,0.309347999988349,0.0410488532671096,0.216431177307165,1.44144171105156,-0.0662534295588151,1.4,1.40347212469901,48.9254560524088,0
8.36,0.309684512172949,0.0410459336834004,0.21510257207199,1.44132700726206,-0.0674425274811021,1.4,1.40347171522362,48.9209052485418,0
8.38,0.309953518530027,0.0410448235187039,0.21403709886666,1.44123247225539,-0.0683956956312413,1.4,1.40346911564021,48.8845508565428,0
8.4,0.310154135196356,0.0410448623132449,0.213237226360027,1.44116100975745,-0.0691103807595527,1.4,1.40346649378201,48.8463648810589,0
8.42,0.310285943875562,0.0410453306680085,0.212708318620028,1.44111564149751,-0.0695822868978116,1.4,1.40346686608984,48.8507812026162,0
8.44,0.310349167533924,0.0410462505508779,0.212454609807765,1.44109637406274,-0.0698085613708925,1.4,1.40346900862952,48.8813810611388,0
8.46,0.310343919506792,0.0410480252404138,0.212477189721941,1.44110118638824,-0.0697886307327192,1.4,1.40346975536596,48.8931344859678,0
8.48,0.310269622951173,0.0410505925798939,0.212775314606469,1.44112917308578,-0.0695226559014612,1.4,1.40346898217757,48.882766523044,0
8.5,0.310125862327947,0.041053424080596,0.213345231127151,1.44118078760678,-0.0690129600672566,1.4,1.40346831001367,48.871757275597,0
8.52,0.309913100454388,0.041056054629272,0.214183079706973,1.44125641446804,-0.0682625741966671,1.4,1.40346902497787,48.8814921625247,0
8.54,0.309632198986264,0.04105845767697,0.215287766912023,1.44135511564112,-0.0672729348862015,1.4,1.40347150556205,48.916466582698,0
8.56,0.309284731818592,0.0410611026614537,0.21665862850368,1.44147425953147,-0.0660457836456426,1.4,1.40347358587078,48.947449980199,0
8.58,0.3088724066801,0.0410643161081159,0.21829139823407,1.44161138325328,-0.0645854959755218,1.4,1.40347349526535,48.9461476471531,0
8.6,0.308396358635448,0.0410678066802788,0.22017999182893,1.44176595473338,-0.0628972105922265,1.4,1.40347336136988,48.9432664484557,0
8.62,0.30785743556796,0.0410712321801101,0.22231543959521,1.44193731895607,-0.060987921611336,1.4,1.40347546769993,48.9726359236231,0
8.64,0.307257331175587,0.0410748602499837,0.224688090532207,1.44212261708021,-0.0588658349404185,1.4,1.40347872838245,49.0189185779721,0
8.66,0.306598156046207,0.0410792562482624,0.22729045762361,1.44231789372544,-0.0565379620926854,1.4,1.40348129925983,49.0564453171771,0
8.68,0.305882725375285,0.0410847387599747,0.230116939796341,1.44252001179222,-0.0540104134342273,1.4,1.40348225919043,49.0700863182791,0
8.7,0.305114150840754,0.0410910850657079,0.233158589333804,1.44272730863693,-0.0512918029805908,1.4,1.40348232907879,49.0696716806704,0
8.72,0.304295115744868,0.0410977475310659,0.236404610245057,1.44293885346701,-0.0483917203922862,1.4,1.40348412903471,49.0952723401294,0
8.74,0.303427617787656,0.0411045615699343,0.239841754131041,1.44315184754657,-0.0453210980595113,1.4,1.40348847571678,49.1572820671449,0
8.76,0.302514341532994,0.0411119888102706,0.243455617963303,1.44336101932828,-0.0420922667024369,1.4,1.40349223244093,49.210876084298,0
8.78,0.301558463366328,0.0411202800553564,0.247233133213413,1.4435617794462,-0.0387168968838757,1.4,1.40349331438831,49.2260503403985,0
8.8,0.300563770130431,0.0411289366572205,0.251164347996877,1.44375234831172,-0.0352047541095599,1.4,1.40349330817462,49.2246204880908,0
8.82,0.299534406553949,0.041137138695211,0.255236989695715,1.44393204619209,-0.0315674810566618,1.4,1.40349445262959,49.2410780363084,0
8.84,0.29847424975666,0.0411444021071146,0.259436816393146,1.44409899732266,-0.0278179802831277,1.4,1.40349764328275,49.2870707552751,0
8.86,0.297386229805252,0.041150850973101,0.263747611059989,1.4442492067963,-0.0239699347630271,1.4,1.40350158796857,49.3437353650039,0
8.88,0.296273676016626,0.0411568640106885,0.268151734092946,1.44437807732768,-0.0200383072792719,1.4,1.4035031152905,49.3644634915391,0
8.9,0.295140464771767,0.041162253377759,0.272632161274901,1.44448358741757,-0.016037933074333,1.4,1.40350184086199,49.344744938038,0
8.92,0.29399092907468,0.041166223172149,0.277175866946732,1.44456660352449,-0.0119810837842715,1.4,1.40350122995081,49.3364512461536,0
8.94,0.292829749341963,0.0411682879437147,0.281769041654914,1.44462744847442,-0.0078808696473804,1.4,1.40350297816624,49.3623028914669,0
8.96,0.291661501288575,0.04116874109601,0.286395757165735,1.44466414868691,-0.00375186080884843,1.4,1.40350532636126,49.3965183447509,0
8.98,0.290489692169078,0.0411681962688842,0.291038586763799,1.44467412376877,0.00039108817140111,1.4,1.40350610277922,49.4071291690945,0
9,0.289317818801753,0.0411669417214113,0.295678758929097,1.44465656923009,0.0045322006301908,1.4,1.40350426445327,49.3791221895856,0
9.02,0.288149918402934,0.0411646651544464,0.300297643353024,1.44461348853171,0.00865540758802297,1.4,1.40350146417505,49.3399122946236,0
9.04,0.286990335828456,0.0411609441796686,0.304880949496956,1.44454782851877,0.0127474788266643,1.4,1.40350095008822,49.3333720475464,0
9.06,0.285843723279159,0.0411560571268442,0.309415326161405,1.44446034859967,0.0167956347883038,1.4,1.40350238960416,49.3546629626662,0
9.08,0.284714760201019,0.0411508482513078,0.31388529737873,1.4443499787315,0.0207856001799323,1.4,1.40350233880692,49.3536253249127,0
9.1,0.283607052403334,0.0411458211984685,0.318274379484682,1.44421716366578,0.0247031450836951,1.4,1.40349964206955,49.3143284559405,0
9.12,0.28252372254852,0.0411407752215081,0.322565069466797,1.44406517944779,0.0285335969906618,1.4,1.40349600983366,49.2629668850242,0
9.14,0.281468381357361,0.0411352515332564,0.326739667316117,1.44389841606202,0.0322617385433533,1.4,1.40349368772452,49.2309225925691,0
9.16,0.280444857549325,0.0411291826513723,0.330784488533921,1.4437198292523,0.0358750667624114,1.4,1.40349373671185,49.2321318161215,0
9.18,0.27945723467536,0.0411231214768512,0.33468850931658,1.44352995361267,0.0393628615284818,1.4,1.40349406986783,49.2363652085581,0
9.2,0.278509689907229,0.0411176329479717,0.33843890500663,1.44332918555029,0.0427130738354369,1.4,1.40349165685971,49.2012595040503,0
9.22,0.277605438055934,0.0411125514363483,0.3420222480665,1.44312070310617,0.0459138118053375,1.4,1.40348730699751,49.1406385409343,0
9.24,0.276746772966402,0.0411072208214782,0.34542439733127,1.44290973333976,0.0489532262062457,1.4,1.40348420164655,49.0972542216594,0
9.26,0.275936378804767,0.0411013080671345,0.348630751212698,1.44270040376621,0.0518188794221072,1.4,1.40348334035126,49.0846012335222,0
9.28,0.275177122170806,0.0410951077275862,0.35162987113001,1.44249443711791,0.0545005525807563,1.4,1.40348328660306,49.0839085898376,0
9.3,0.274472057869779,0.0410891305778793,0.354414557040717,1.44229248358561,0.0569909642116929,1.4,1.40348199321169,49.0644804422846,0
9.32,0.273824334616034,0.0410835078873407,0.356976538647087,1.44209655675731,0.0592819407789554,1.4,1.40347850943253,49.0163508035657,0
9.34,0.273236375074257,0.0410778181038732,0.359307097079834,1.44191090056516,0.0613653809462429,1.4,1.4034748606254,48.9656502867808,0
9.36,0.272709369466283,0.0410716998700345,0.361396904700662,1.44173994951286,0.0632336018006085,1.4,1.40347356051944,48.9469867000958,0
9.38,0.27224471122304,0.0410654118224838,0.363236075101141,1.44158589142799,0.0648784946977797,1.4,1.40347369388866,48.9476345991724,0
9.4,0.271843959690786,0.0410595715992002,0.364816795249753,1.44144934762044,0.0662933975739768,1.4,1.403472828572,48.9350580919146,0
9.42,0.271508807616292,0.041054495316579,0.366136604236908,1.4413314729667,0.0674753235346312,1.4,1.40347072830179,48.9064667252048,0
9.44,0.271241019916205,0.0410500770891002,0.367193016881351,1.44123470136944,0.0684211331943515,1.4,1.40346850313433,48.8758769330344,0
9.46,0.271041962868005,0.0410461304725102,0.36798297035975,1.44116163153391,0.069127542371266,1.4,1.40346751853293,48.8615225423317,0
9.48,0.270911637416582,0.0410428402505498,0.368502720854559,1.44111358226062,0.0695918315672737,1.4,1.40346818678032,48.8701215501841,0
9.5,0.270849938094269,0.0410407197798501,0.368748098617663,1.4410902713847,0.0698111506094122,1.4,1.40346867548337,48.8763094849709,0
9.52,0.270856910684137,0.0410400764979488,0.368715927168394,1.44109152824276,0.0697832331545095,1.4,1.40346758014518,48.8622445403442,0
9.54,0.270932735140186,0.0410406718090681,0.368408641855809,1.44111822164304,0.0695096270360029,1.4,1.40346671148426,48.8506384800091,0
9.56,0.271077658131899,0.0410421806766476,0.367829892623833,1.4411709203635,0.0689927073673004,1.4,1.40346768827519,48.8637535132286,0
9.58,0.27129184512101,0.0410446429303562,0.366982566095512,1.44124840349921,0.068234472267699,1.4,1.40346974252305,48.8919666771714,0
9.6,0.271574149293221,0.0410483630135892,0.365868751523597,1.44134833731269,0.0672373516404929,1.4,1.40347143050151,48.9153162173084,0
9.62,0.271922924164171,0.0410534273727374,0.364490350156843,1.44146877244796,0.0660039631921449,1.4,1.40347186002448,48.9224599364801,0
9.64,0.272336659718997,0.0410594347973021,0.362849337830422,1.44160903444792,0.0645367943595521,1.4,1.40347166340092,48.9206732677605,0
9.66,0.272814046907057,0.0410657454907594,0.360952594112691,1.44176863204084,0.0628416601443662,1.4,1.40347325105666,48.9422997721656,0
9.68,0.273353859041213,0.0410721451595282,0.358809530758345,1.44194511743916,0.060926229518369,1.4,1.4034770497932,48.9951585728621,0
9.7,0.273954999089003,0.0410789465610647,0.356428842004186,1.4421339301656,0.0587976774794315,1.4,1.40348033462554,49.0412608719781,0
9.72,0.274615282603886,0.0410863517558499,0.353818283415644,1.44233106146302,0.0564632382993774,1.4,1.40348142714176,49.057968093118,0
9.74,0.275331662735482,0.0410939885359141,0.350985476848632,1.44253471036675,0.0539305389523319,1.4,1.40348161306929,49.06065157396,0
9.76,0.276101204416825,0.0411012149625531,0.347937428595682,1.44274407888275,0.0512066427961632,1.4,1.403482874316,49.0776892981026,0
9.78,0.276921274299375,0.0411077102183456,0.344684641345684,1.44295706075491,0.0483009546726921,1.4,1.40348626516359,49.125466276041,0
9.8,0.277789359418457,0.0411137759495626,0.341241331386379,1.44316921018947,0.0452255339163727,1.4,1.4034905345586,49.185716704736,0
9.82,0.278703172686178,0.0411199404795247,0.337621337200208,1.44337535345246,0.0419920145711031,1.4,1.40349270211031,49.2175808752693,0
9.84,0.279659707249515,0.0411262085404719,0.333837292390376,1.44357254603354,0.0386115727937389,1.4,1.40349243214995,49.2137865238806,0
9.86,0.280654865763989,0.0411320132470048,0.329901382392492,1.44376030280839,0.0350957528529674,1.4,1.40349276721541,49.2172557376636,0
9.88,0.281684598506565,0.0411369681349155,0.325824759311124,1.44393767093496,0.0314553605133496,1.4,1.40349530058294,49.2523915180154,0
9.9,0.282745247053541,0.0411413065379479,0.321620391174327,1.44410146683079,0.0277022828136014,1.4,1.40349873572321,49.3019272448825,0
9.92,0.283833352279078,0.0411455493404128,0.317305715123258,1.44424744092589,0.0238514504335979,1.4,1.40350113130531,49.3371184944591,0
9.94,0.28494571872097,0.0411499191448906,0.312898292320939,1.44437257012386,0.0199176353852729,1.4,1.40350116914706,49.3374195718888,0
9.96,0.286078877769989,0.0411540199352559,0.308414103844552,1.44447637351714,0.0159146188568598,1.4,1.40350010823547,49.3209388185134,0
9.98,0.287228201095943,0.0411572518765415,0.30386808855813,1.44455948913497,0.0118562642398009,1.4,1.40350096952295,49.3326693580265,0
10,0.288388979537593,0.0411595644135302,0.299274016029487,1.44462076536839,0.00775569587222088,1.4,1.40350364719386,49.3710518888912,0
10.02,0.289556951411234,0.0411614198701847,0.294645813044334,1.44465732031145,0.00362583127673019,1.4,1.40350519208603,49.3946545597224,0
10.04,0.290728194492375,0.0411630384374086,0.290001971111806,1.44466735836375,-0.000517435753809855,1.4,1.40350455367871,49.3854400817639,0
10.06,0.291899075676891,0.0411640899385238,0.285361659417498,1.44465146807929,-0.00465794639947373,1.4,1.40350282501107,49.3593412827664,0
10.08,0.293066122877388,0.0411640217389942,0.280742181385594,1.44461151796072,-0.00878096599695481,1.4,1.40350170633902,49.343190941129,0
10.1,0.294224773039326,0.041162576877372,0.276159126697372,1.4445487619332,-0.0128721863863875,1.4,1.40350247671066,49.3544133342017,0
10.12,0.295370207533611,0.0411600899244266,0.271626939076033,1.44446265199845,-0.0169179504215697,1.4,1.40350355235295,49.3712249907086,0
10.14,0.29649807965761,0.0411570405201737,0.267158708697355,1.44435243501875,-0.0209059241630906,1.4,1.40350214890027,49.3514589254795,0
10.16,0.29760456933005,0.0411533501520255,0.262771486590467,1.44421991348462,-0.0248212948981413,1.4,1.40349893160296,49.3043736498233,0
10.18,0.298686163390574,0.0411485554462414,0.258483619113558,1.44406887983169,-0.0286484873163835,1.4,1.40349652921928,49.2702356316732,0
10.2,0.29973985045396,0.0411425178235243,0.254311601035041,1.44390245901191,-0.0323735919638317,1.4,1.4034955879054,49.2574781879362,0
10.22,0.300761723249596,0.0411355868412444,0.250269583586349,1.44372225409798,-0.0359837620224277,1.4,1.40349523747784,49.2536720632408,0
10.24,0.301747442383602,0.0411283192803248,0.246370561574993,1.44352926949227,-0.0394666915857189,1.4,1.40349392435789,49.234438940351,0
10.26,0.302693118093564,0.0411210298508943,0.242624978096211,1.44332548765923,-0.0428121846880962,1.4,1.40349053924729,49.18562497219,0
10.28,0.303595558937054,0.0411135318979381,0.239046124124373,1.443115095653,-0.0460084243170814,1.4,1.40348676817442,49.1326018290517,0
10.3,0.304451886020251,0.0411055879353721,0.235649296328348,1.44290278822906,-0.049042344080393,1.4,1.40348498624073,49.1079214918422,0
10.32,0.305259928986645,0.041097517059778,0.232448306357628,1.44269135648922,-0.0519025035346633,1.4,1.40348422368756,49.0980939694774,0
10.34,0.306016939531371,0.04108987157428,0.22945408833306,1.44248243460575,-0.0545791480406387,1.4,1.40348254726767,49.0738351561104,0
10.36,0.306719588759693,0.0410828945411688,0.226676253160044,1.44227843729063,-0.0570630119753231,1.4,1.40347993247829,49.0352785091996,0
10.38,0.307364890915335,0.0410765012070928,0.224121231609251,1.44208261457352,-0.059347282448157,1.4,1.40347704610096,48.9949820482272,0
10.4,0.307950648627119,0.0410705079070408,0.221796922531348,1.44189859165896,-0.0614246298933022,1.4,1.403474911971,48.9659773093321,0
10.42,0.308475005430421,0.0410649186661137,0.219713886608076,1.44172932014404,-0.0632860998846693,1.4,1.40347431521787,48.9579535942442,0
10.44,0.308936887923189,0.041060099346632,0.217881810888194,1.44157626240008,-0.0649239953708745,1.4,1.4034735612015,48.9467011926603,0
10.46,0.309335052786506,0.0410562657498632,0.216307184137506,1.44144084755939,-0.0663327687398912,1.4,1.40347132707121,48.9134940121527,0
10.48,0.309667570064413,0.0410531386155689,0.214994832803984,1.44132573932668,-0.0675074820449887,1.4,1.40346937772245,48.886856362933,0
10.5,0.309932648578755,0.0410504310681155,0.213946468550413,1.44123313580765,-0.0684455258374222,1.4,1.40346896120512,48.8816825548843,0
10.52,0.310129269673298,0.0410482351437636,0.213163784519543,1.44116372628688,-0.069144942030852,1.4,1.40346916949471,48.8854048946008,0
10.54,0.310256856236676,0.0410467956111446,0.212651452553226,1.44111765225598,-0.0696020046538731,1.4,1.40346922239254,48.885110902126,0
10.56,0.310315575612612,0.041046264657992,0.212414026902613,1.44109525318482,-0.0698135868682404,1.4,1.40346836563371,48.8717504101643,0
10.58,0.31030583659213,0.041046467936382,0.212452970819377,1.4410975914079,-0.0697788776163049,1.4,1.40346687694444,48.8513611179231,0
10.6,0.310227318558849,0.0410469850444468,0.212767635997443,1.44112605936377,-0.0694980194555494,1.4,1.403467095683,48.8555297835225,0
10.62,0.310079575102149,0.0410477883188975,0.213354835803912,1.44118014368367,-0.0689729854986099,1.4,1.4034694214384,48.8888454029413,0
10.64,0.3098628195926,0.041049372614834,0.214209940992151,1.44125716444451,-0.0682073757583129,1.4,1.40347118736043,48.9128901535318,0
10.66,0.309577872183576,0.0410520518985187,0.215331114738742,1.44135510698072,-0.0672031908626199,1.4,1.40347121607101,48.9120708823432,0
10.68,0.309226169748472,0.0410556160842534,0.216717291801333,1.44147374577313,-0.065962206539524,1.4,1.4034707638544,48.9066208654698,0
10.7,0.30880970313569,0.0410596588753429,0.218364988338334,1.44161321867062,-0.0644882880256039,1.4,1.40347129594279,48.9149886137907,0
10.72,0.308329788041556,0.0410639555159617,0.220268133067739,1.44177239458638,-0.0627867327565015,1.4,1.40347396883219,48.9528308353693,0
10.74,0.307787356353087,0.0410687792972457,0.222418820591464,1.44194782460378,-0.0608639955023733,1.4,1.4034778104068,49.0064495425369,0
10.76,0.307183802689806,0.0410746373183593,0.224806604326977,1.44213480899625,-0.0587287185874875,1.4,1.40347986662115,49.0344545734045,0
10.78,0.306521284796199,0.0410815084075179,0.227423222991098,1.44233057700889,-0.056388411599108,1.4,1.40347980675982,49.0345929914859,0
10.8,0.305802404986375,0.0410887662102659,0.230262156911699,1.44253453591099,-0.0538495452694533,1.4,1.40348049839276,49.0451166676564,0
10.82,0.305030480681808,0.0410959549418715,0.233315595761367,1.44274533897903,-0.051120062514517,1.4,1.40348323304566,49.083689007805,0
10.84,0.304208321214303,0.0411031153896786,0.236572740288172,1.44295940673609,-0.0482097730590058,1.4,1.40348705452684,49.1370021789672,0
10.86,0.303338147201772,0.0411105480531273,0.240021496506731,1.44317194328131,-0.0451290228115121,1.4,1.40349036420952,49.1829840622637,0
10.88,0.302422365321649,0.0411183743747464,0.24364672781317,1.44337864681142,-0.0418904070017691,1.4,1.40349161366644,49.201639337717,0
10.9,0.301464213728173,0.0411261767195925,0.247434674375718,1.44357745820639,-0.0385060315217786,1.4,1.40349164574938,49.2026421500302,0
10.92,0.30046722086657,0.0411332738245067,0.251374193009982,1.44376760423501,-0.034986307207988,1.4,1.40349338307003,49.2265608360709,0
10.94,0.299435645783043,0.0411394975615348,0.255454181613379,1.44394670514023,-0.0313421983447693,1.4,1.40349684520927,49.2749828680683,0
10.96,0.298373479323035,0.0411451713638123,0.259660395393475,1.44411060793947,-0.0275867543339966,1.4,1.40349956097291,49.3130364650485,0
10.98,0.297283975110763,0.0411504760590904,0.263977627659909,1.44425584317326,-0.023733138364472,1.4,1.40350063638841,49.3297594344977,0
11,0.29617023096359,0.0411551948596162,0.268387818040446,1.44438066875751,-0.0197963791757365,1.4,1.4035006277152,49.3296264452958,0
11.02,0.295036127040565,0.0411589061301238,0.27287344417584,1.44448463322502,-0.0157916584313286,1.4,1.40350075981548,49.3307439925861,0
11.04,0.293885746376709,0.0411613607463981,0.277420179922478,1.44456719730198,-0.0117320382844888,1.4,1.40350248214897,49.3539938256715,0
11.06,0.292723800695995,0.0411628260309822,0.282015090262699,1.44462635453992,-0.0076300540788633,1.4,1.40350461359955,49.38435286304,0
11.08,0.291554973029391,0.0411637285724199,0.286642382325369,1.44465977179268,-0.00350023832646962,1.4,1.40350473616898,49.3875414964062,0
11.1,0.290383112299891,0.0411640431865135,0.291285478032783,1.44466712420996,0.000642938103061938,1.4,1.40350339834212,49.3693300493625,0
11.12,0.289211552922635,0.0411634286493755,0.295925641573906,1.44464969496553,0.00478382838150502,1.4,1.40350253150218,49.3558278544537,0
11.14,0.288044260788611,0.0411617456099756,0.300543860529721,1.44460850778967,0.00890612283333047,1.4,1.4035025589871,49.3551744955534,0
11.16,0.28688539692708,0.0411591997916709,0.305124510639177,1.44454370439634,0.0129957875666885,1.4,1.40350303812582,49.3619213213847,0
11.18,0.285739561921786,0.0411561703500022,0.309654637558697,1.4444550149607,0.0170403908650947,1.4,1.40350272751132,49.3591997235798,0
11.2,0.284611520013819,0.0411528353151214,0.314119223279999,1.44434310834109,0.0210259117112315,1.4,1.40350057389362,49.3291406400331,0
11.22,0.283505178980609,0.0411489484686498,0.318502444933411,1.4442105469052,0.0249383280976314,1.4,1.4034980433708,49.292519639641,0
11.24,0.282423624428724,0.0411442473747696,0.322787206289558,1.44406039255519,0.0287632657963911,1.4,1.4034969320297,49.2760186723107,0
11.26,0.281370333384333,0.0411388858079256,0.326955402924174,1.44389449467819,0.0324853686757452,1.4,1.40349637328558,49.2677528046492,0
11.28,0.280349026172113,0.0411332115240555,0.330992159358673,1.4437141151754,0.0360914240671307,1.4,1.40349495002432,49.249387512269,0
11.3,0.279363628999507,0.0411273696430297,0.334886357899169,1.44352125846279,0.0395707271458184,1.4,1.40349260655225,49.2163565125159,0
11.32,0.278418373287594,0.0411212451193119,0.3386260249166,1.44331897375127,0.0429117021954779,1.4,1.40348979107948,49.1755715084263,0
11.34,0.277516716742366,0.041114652540883,0.342198116860978,1.44311087322621,0.0461025266175191,1.4,1.40348750703573,49.1430215999378,0
11.36,0.276661087034151,0.041107644928809,0.345589148208183,1.44290006677406,0.0491318033782802,1.4,1.40348631820534,49.1262281292792,0
11.38,0.275853969801061,0.0411005701065322,0.348784124630353,1.44268876940765,0.0519870539519488,1.4,1.40348475599875,49.1052304635264,0
11.4,0.275098161110443,0.041093658878684,0.351770828018596,1.44247949838884,0.0546575380659125,1.4,1.40348189061646,49.0647112761389,0
11.42,0.274396454294107,0.0410868079350416,0.354541469330415,1.44227577200012,0.0571356095151992,1.4,1.4034791635599,49.0250161271044,0
11.44,0.273752044812561,0.0410799038885653,0.357088835643291,1.44208098040036,0.0594137361769084,1.4,1.40347752313711,49.0016744451349,0
11.46,0.273167537958862,0.0410731250365445,0.359404256035298,1.44189754959483,0.0614838115745664,1.4,1.40347636338337,48.9860368722494,0
11.48,0.272644419467705,0.041066831754426,0.361479254705754,1.44172734657618,0.0633386940961108,1.4,1.40347505589753,48.9685658376748,0
11.5,0.27218382680448,0.0410612903139366,0.363303705859377,1.4415725614279,0.0649702968705091,1.4,1.40347286295003,48.936989862427,0
11.52,0.271787261265208,0.0410564270987634,0.364869525092515,1.44143618776705,0.0663716688379223,1.4,1.40347019809432,48.8981878158068,0
11.54,0.271456113393308,0.0410520101927875,0.366173108259274,1.44132127785885,0.0675391048529374,1.4,1.4034690674608,48.8819539386132,0
11.56,0.271192210946955,0.0410481140354187,0.367212903338495,1.44122919351894,0.0684701382029956,1.4,1.40346967029293,48.8913932823687,0
11.58,0.270997027168044,0.0410451890484505,0.367985702330193,1.44115969811091,0.0691614742330642,1.4,1.40346979588309,48.8943663242081,0
11.6,0.270870947389292,0.0410435371135739,0.368488795373938,1.44111290621162,0.0696109237171107,1.4,1.40346857693675,48.8766021196829,0
11.62,0.270813603150594,0.0410430182601934,0.368718020907426,1.44109040198638,0.0698157059099104,1.4,1.40346691396547,48.8515188510297,0
11.64,0.270824989317867,0.0410432291713871,0.368670295107587,1.44109415958576,0.0697735136630984,1.4,1.40346622137426,48.8419015789399,0
11.66,0.270905015480071,0.0410439664588529,0.368346465574716,1.44112478431226,0.0694849735336144,1.4,1.40346762197043,48.8623578416147,0
11.68,0.271053977563895,0.0410454770314123,0.36775078321699,1.44118048453117,0.0689529993170492,1.4,1.40347011759436,48.8990131960687,0
11.7,0.271272047787384,0.0410481805964928,0.366886128345231,1.44125850304812,0.0681796727987574,1.4,1.4034710650091,48.9115127936746,0
11.72,0.271558460405004,0.0410520412416686,0.365755713765419,1.44135755797414,0.067167880070045,1.4,1.40347033843184,48.8999800115231,0
11.74,0.271911389680299,0.0410565502280088,0.364361668147021,1.44147810090471,0.0659203833852164,1.4,1.40347025255234,48.8988730232309,0
11.76,0.272329273171804,0.0410612713638777,0.362706179797559,1.44161995679942,0.0644398384983908,1.4,1.40347207953683,48.9251894020803,0
11.78,0.272810593519274,0.0410662376711741,0.360794447406324,1.44178076733168,0.0627311350892492,1.4,1.40347522718768,48.9711569173279,0
11.8,0.273354103940448,0.041071782375551,0.358636068995472,1.44195648490527,0.0608021815607637,1.4,1.40347818055146,49.0121057144499,0
11.82,0.273958634839055,0.0410780975791572,0.356240067141732,1.44214337045363,0.0586603881383024,1.4,1.40347932960763,49.0269755560346,0
11.84,0.274622330961039,0.0410848739934176,0.35361517096471,1.44233954045922,0.0563133338696738,1.4,1.40347947210162,49.0293446774537,0
11.86,0.275342135765363,0.0410915865959955,0.350769355641023,1.44254412681461,0.0537688681629466,1.4,1.40348112415084,49.0533536999882,0
11.88,0.276115040604238,0.0410980817954706,0.347709797449464,1.44275484053932,0.0510343130698824,1.4,1.4034844713583,49.1010548052762,0
11.9,0.276938258105681,0.0411046313814061,0.344445614706306,1.44296759748117,0.048118288799553,1.4,1.40348759887686,49.1451386714781,0
11.92,0.277809163601142,0.0411114473693076,0.340990713218188,1.44317821604894,0.0450326872633698,1.4,1.40348964022664,49.1729158746246,0
11.94,0.278725382598669,0.0411184071146923,0.337359505287674,1.44338370511303,0.0417895148893764,1.4,1.40349069887739,49.1883603953047,0
11.96,0.279684166860646,0.041125132111613,0.333565259323179,1.44358222365278,0.0384001808678803,1.4,1.40349175507828,49.2037670510292,0
11.98,0.28068159509143,0.0411313377853425,0.329620657947224,1.44377193111028,0.0348765170397452,1.4,1.40349422652244,49.2391035491169,0
12,0.28171350089027,0.0411371324747888,0.325536986986247,1.44394970479972,0.0312295735148166,1.4,1.40349725293282,49.2809482695655,0
